,molecule_chembl_id,canonical_smiles,class,MW,LogP,NumHDonors,NumHAcceptors,pIC50
0,CHEMBL90512,C/C(=N\N=C(\N)S)c1ccc(Cl)c(Cl)c1,active,262.165,2.961900000000001,2.0,2.0,7.301029995663981
1,CHEMBL327902,C/C(=N\NC(N)=O)c1cccc(Cl)c1,inactive,211.65200000000002,1.7322999999999997,2.0,2.0,5.0
2,CHEMBL88307,CC/C(=N\N=C(/S)NC)c1cccc(Br)c1,inactive,300.225,3.0684000000000013,2.0,2.0,5.0
3,CHEMBL90475,S=C(Nc1cccc(Cl)c1)N1CCC(c2cccc(Br)c2)=N1,active,394.72499999999997,4.909300000000003,1.0,2.0,6.0
4,CHEMBL90371,CCC(N/N=C(/N)S)c1cccc(Br)c1,inactive,288.21400000000006,2.6493,3.0,2.0,5.0
5,CHEMBL88354,CC/C(=N\NC(N)=O)c1cccc(C(F)(F)F)c1,inactive,259.23099999999994,2.487800000000001,2.0,2.0,5.0
6,CHEMBL440504,CC/C(=N\N=C(\N)S)c1ccccc1,inactive,207.30200000000002,2.0452,2.0,2.0,5.0
7,CHEMBL91644,CC/C(=N\N=C(/S)NCCN1CCNCC1)c1cccc(Br)c1,inactive,398.37399999999997,2.3438,3.0,4.0,5.0
8,CHEMBL315862,FC(F)(F)c1ccc(NC(=S)N2CCC(c3cccc(Br)c3)=N2)cc1,inactive,428.277,5.274700000000003,1.0,2.0,5.0
9,CHEMBL328234,CC/C(=N\N=C(/S)Nc1ccccc1)c1cccc(Br)c1,inactive,362.29600000000005,4.961100000000002,2.0,2.0,5.0
10,CHEMBL91643,CC/C(=N\NC(N)=O)c1cccc(Br)c1,inactive,270.13,2.2315000000000005,2.0,2.0,5.0
11,CHEMBL94235,N/C(S)=N/N=C/c1cccn1S(=O)(=O)c1ccccc1,intermediate,308.38800000000003,1.3035,2.0,5.0,5.552841968657781
12,CHEMBL92099,CC/C(=N\N=C(\N)S)c1ccc(Cl)c(Cl)c1,active,276.192,3.352000000000001,2.0,2.0,7.698970004336019
13,CHEMBL90428,CC1CN(C(=N)S)N=C1c1cccc(Cl)c1,active,253.75799999999998,2.8603700000000005,2.0,2.0,6.638272163982407
14,CHEMBL89915,CC/C(=N\N=C(\N)S)c1ccc2cc(OC)ccc2c1,inactive,287.38800000000003,3.2070000000000016,2.0,3.0,5.0
15,CHEMBL91640,N=C(S)N1CCC(c2cccc(C(F)(F)F)c2)=N1,active,273.28299999999996,2.979770000000001,2.0,2.0,7.096910013008056
16,CHEMBL91887,S=C(NCCN1CCOCC1)N1CCC(c2cccc(Br)c2)=N1,inactive,397.342,2.0656000000000008,1.0,4.0,5.0
17,CHEMBL328370,S=C(NCc1ccco1)N1CCC(c2cccc(Br)c2)=N1,inactive,364.268,3.526600000000003,1.0,3.0,5.0
18,CHEMBL90339,C/C(=N\NC(N)=O)c1cccc(Br)c1,inactive,256.103,1.8413999999999997,2.0,2.0,5.0
19,CHEMBL90772,N=C(S)N/N=C/c1cc(C(F)(F)F)cc(C(F)(F)F)c1,active,315.24199999999996,3.512270000000001,3.0,2.0,6.494850021680094
20,CHEMBL89973,C/C(=N\N=C(\N)S)c1cc(C(F)(F)F)cc(C(F)(F)F)c1,active,329.26899999999995,3.6927000000000003,2.0,2.0,7.221848749616356
21,CHEMBL88586,CC/C(=N\NC(N)=O)c1cccc(Cl)c1,inactive,225.679,2.1224,2.0,2.0,5.0
22,CHEMBL88782,NC(=O)N/N=C/c1ccc(-c2cccc(Cl)c2)o1,inactive,263.684,2.6022000000000007,2.0,3.0,5.0
23,CHEMBL93774,COc1ccccc1-c1ccc(/C=N/N=C(/N)S)o1,active,275.33299999999997,2.5336000000000003,2.0,4.0,6.552841968657781
24,CHEMBL91844,N/C(S)=N/N=C/c1cccc(Br)c1,intermediate,258.144,2.0275,2.0,2.0,5.886056647693163
25,CHEMBL90311,N=C(S)N/N=C/c1ccccc1C(F)(F)F,inactive,247.24499999999998,2.4934700000000003,3.0,2.0,5.0
26,CHEMBL90354,FC(F)(F)c1cccc(NC(=S)N2CCC(c3cccc(Cl)c3)=N2)c1,intermediate,383.8260000000001,5.165600000000002,1.0,2.0,5.769551078621726
27,CHEMBL313316,NC(=O)N/N=C/c1ccc(-c2ccc(Cl)cc2)o1,inactive,263.684,2.6022000000000007,2.0,3.0,5.0
28,CHEMBL92579,COc1cccc(/C(C)=N/N=C(/N)S)c1,inactive,223.301,1.6637,2.0,3.0,5.0
29,CHEMBL90819,C/C(=N\N=C(\N)S)c1ccccc1Br,intermediate,272.17100000000005,2.417600000000001,2.0,2.0,5.4089353929735005
30,CHEMBL91344,CC/C(=N\N=C(\N)S)c1ccc(OC)cc1,inactive,237.328,2.0538,2.0,3.0,5.0
31,CHEMBL327582,CC/N=C(\S)N1CCC(c2cccc(Br)c2)=N1,inactive,312.236,3.164600000000002,1.0,2.0,5.0
32,CHEMBL421737,C/C(=N\NC(N)=O)c1ccc(Cl)c(Cl)c1,inactive,246.097,2.3857,2.0,2.0,5.0
33,CHEMBL329128,N/C(S)=N/N=C/c1ccc(-c2cccc(Cl)c2)o1,active,279.752,3.178400000000001,2.0,3.0,6.853871964321762
34,CHEMBL89990,C/C(=N\N=C(\N)S)c1ccc(Br)s1,intermediate,278.2,2.4791,2.0,3.0,5.42021640338319
35,CHEMBL90060,N/C(S)=N/N=C/c1ccc(-c2ccc(Br)cc2)o1,active,324.20300000000003,3.2875000000000005,2.0,3.0,6.552841968657781
36,CHEMBL88734,C/C(=N\N=C(\N)S)c1cccc(Br)c1,active,272.17100000000005,2.417600000000001,2.0,2.0,6.698970004336019
37,CHEMBL330050,C/C(=N\N=C(\N)S)c1cccc(C(F)(F)F)c1,active,261.272,2.6739000000000006,2.0,2.0,6.769551078621726
38,CHEMBL314026,NC(=S)N1CCC(c2cccc(Br)c2)=N1,active,284.182,2.1025,1.0,2.0,6.698970004336019
39,CHEMBL91544,CC1CN(C(=N)S)N=C1c1ccc(Cl)c(Cl)c1,active,288.203,3.513770000000002,2.0,2.0,7.154901959985743
40,CHEMBL327577,N/C(S)=N/N=C/c1ccc(-c2ccc(Cl)cc2)o1,active,279.752,3.178400000000001,2.0,3.0,6.522878745280337
41,CHEMBL90808,Cn1c(/C=N/N=C(/N)S)cc2ccccc21,intermediate,232.31200000000004,1.7567,2.0,3.0,5.552841968657781
42,CHEMBL92376,CC/C(=N\N=C(\N)S)c1cccc(C(F)(F)F)c1,active,275.299,3.064000000000001,2.0,2.0,7.301029995663981
43,CHEMBL406038,CC1CN(C(=N)S)N=C1c1cccc(Br)c1,active,298.20899999999995,2.969470000000001,2.0,2.0,7.096910013008056
44,CHEMBL90948,S=C(Nc1ccccc1)N1CCC(c2cccc(Br)c2)=N1,inactive,360.28,4.255900000000003,1.0,2.0,5.0
45,CHEMBL91347,CCCCCC/N=C(\S)N1CCC(c2cccc(Br)c2)=N1,intermediate,368.344,4.725000000000004,1.0,2.0,5.853871964321762
46,CHEMBL90867,COc1ccc2ccccc2c1/C=N/N=C(/N)S,active,259.33399999999995,2.4267999999999996,2.0,3.0,6.251811972993799
47,CHEMBL90235,C/C(=N\N=C(\N)S)c1ccccc1Cl,inactive,227.72000000000003,2.3085000000000004,2.0,2.0,5.0
48,CHEMBL91322,CC/C(=N\N=C(/S)NC(C)C)c1cccc(Br)c1,inactive,328.279,3.847000000000002,2.0,2.0,5.0
49,CHEMBL329346,NC(=S)N1CCC(c2ccc(Cl)c(Cl)c2)=N1,active,274.176,2.6468000000000007,1.0,2.0,7.221848749616356
50,CHEMBL92903,CC(C)/N=C(\S)N1CCC(c2cccc(Br)c2)=N1,inactive,326.263,3.5531000000000024,1.0,2.0,5.0
51,CHEMBL91893,NC(=O)N/N=C/c1ccc(-c2ccc(Br)cc2)o1,inactive,308.135,2.7113000000000005,2.0,3.0,5.0
52,CHEMBL91195,CC/N=C(\S)N/N=C(\CC)c1cccc(Br)c1,inactive,314.25199999999995,3.4585000000000026,2.0,2.0,5.0
53,CHEMBL91439,CC/C(=N\NC(N)=O)c1ccc(Cl)c(Cl)c1,inactive,260.12399999999997,2.7758000000000003,2.0,2.0,5.0
54,CHEMBL242103,COc1ccc(/C=N/NC(N)=S)cc1O,inactive,225.273,0.5679000000000001,3.0,4.0,5.0
55,CHEMBL330503,C/C(=N\NC(N)=O)c1cccc(C(F)(F)F)c1,inactive,245.20399999999998,2.0976999999999997,2.0,2.0,5.0
56,CHEMBL90859,CC/C(=N\N=C(/S)NCc1ccco1)c1cccc(Br)c1,inactive,366.284,4.2318000000000024,2.0,3.0,5.0
57,CHEMBL91266,N/C(S)=N/N=C/c1cc(C#Cc2ccccc2)cs1,inactive,285.397,2.726300000000001,2.0,3.0,5.0
58,CHEMBL90023,CC/C(=N\N=C(\N)S)c1ccc(Br)cc1,inactive,286.198,2.8077000000000005,2.0,2.0,5.0
59,CHEMBL90181,C/C(=N\N=C(\N)S)c1ccc(Cl)s1,intermediate,233.74900000000002,2.37,2.0,3.0,5.721246399047171
60,CHEMBL93125,CC/C(=N\N=C(\N)S)c1ccc(Cl)cc1,inactive,241.747,2.6986,2.0,2.0,5.0
61,CHEMBL90688,N=C(S)N/N=C/c1cccc(C(F)(F)F)c1,active,247.24499999999998,2.4934700000000003,3.0,2.0,6.318758762624412
62,CHEMBL420616,CC/C(=N\N=C(/S)Nc1ccc(C(F)(F)F)cc1)c1cccc(Br)c1,intermediate,430.293,5.979900000000004,2.0,2.0,5.795880017344075
63,CHEMBL421363,N/C(S)=N/N=C/c1cc(Cl)cc(Cl)c1,active,248.138,2.5718000000000005,2.0,2.0,6.251811972993799
64,CHEMBL91003,CC1CN(C(=N)S)N=C1c1cccc(C(F)(F)F)c1,active,287.30999999999995,3.2257700000000016,2.0,2.0,7.3979400086720375
65,CHEMBL415311,N/C(S)=N/N=C/c1ccc(Cl)c(Cl)c1,active,248.138,2.5718000000000005,2.0,2.0,6.337242168318426
66,CHEMBL90250,CC/C(=N\N=C(\N)S)c1ccc(Cl)cc1Cl,inactive,276.192,3.352000000000001,2.0,2.0,5.0
67,CHEMBL91830,Cn1nc(-c2ccc(/C=N/N=C(/N)S)s2)cc1C(F)(F)F,intermediate,333.364,2.745800000000001,2.0,5.0,5.154901959985743
68,CHEMBL91267,C/C(=N\N=C(\N)S)c1ccc(N2CCOCC2)cc1,inactive,278.381,1.4917000000000002,2.0,4.0,5.0
69,CHEMBL313679,CC/C(=N\N=C(\N)S)c1cccc(Br)c1,active,286.198,2.8077000000000005,2.0,2.0,7.0
70,CHEMBL330453,CN(C)c1ccc(/C=N/N=C(/N)S)c2ccccc12,inactive,272.377,2.4842000000000004,2.0,3.0,5.0
71,CHEMBL93166,CC/C(=N\N=C(\N)S)c1cc(C(F)(F)F)cc(C(F)(F)F)c1,active,343.296,4.082800000000001,2.0,2.0,7.698970004336019
72,CHEMBL90197,NC(=S)N1CCC(c2cccc(Cl)c2)=N1,active,239.73100000000002,1.9934,1.0,2.0,6.568636235841013
73,CHEMBL90866,CC/C(=N\N=C(\N)S)c1cccc(Cl)c1,active,241.747,2.6986000000000008,2.0,2.0,6.657577319177793
74,CHEMBL89974,CC/C(=N\NC(N)=O)c1cc(C(F)(F)F)cc(C(F)(F)F)c1,inactive,327.22799999999995,3.5066000000000015,2.0,2.0,5.0
75,CHEMBL92375,CC/C(=N\N=C(\N)S)c1cccc(F)c1,inactive,225.292,2.1843000000000004,2.0,2.0,5.0
76,CHEMBL93490,N/C(S)=N/N=C/c1cccc(Cl)c1Cl,inactive,248.138,2.5718000000000005,2.0,2.0,5.0
77,CHEMBL91201,C/N=C(\S)N1CCC(c2cccc(Br)c2)=N1,inactive,298.209,2.7745000000000015,1.0,2.0,5.0
78,CHEMBL119515,O=C1C(=O)N(C(=O)OCc2ccccc2)c2ccccc21,inactive,281.26700000000005,2.5527000000000006,0.0,4.0,5.0
79,CHEMBL326294,O=C1Nc2ccccc2C1=O,inactive,147.13299999999995,0.8213999999999999,1.0,2.0,5.0
80,CHEMBL118883,Cc1ccc2c(c1)C(=O)C(=O)N2,inactive,161.16,1.1298199999999998,1.0,2.0,5.0
81,CHEMBL119828,O=C1C(=O)N(S(=O)(=O)c2ccccc2)c2ccccc21,inactive,287.29600000000005,1.6047999999999998,0.0,4.0,5.0
82,CHEMBL118638,Cc1ccc(C)c(CN2C(=O)C(=O)c3cc(C)ccc32)c1,inactive,279.339,3.3413600000000017,0.0,2.0,4.096910013008056
83,CHEMBL119345,Cc1ccc2[nH]c(O)c(/N=N/C(=N)S)c2c1,inactive,234.28400000000002,3.1301900000000007,4.0,3.0,4.301029995663981
84,CHEMBL117447,O=C1C(=O)N(c2ccccc2)c2ccccc21,inactive,223.231,2.547600000000001,0.0,2.0,5.0
85,CHEMBL326185,O=C1C(=O)N(C(=O)OCc2ccccc2)c2ccc(Cl)cc21,inactive,315.71200000000005,3.206100000000002,0.0,4.0,4.096910013008056
86,CHEMBL118762,O=C1C(=O)N(C(=O)OCc2ccccc2)c2ccc(F)cc21,inactive,299.25700000000006,2.6918000000000006,0.0,4.0,5.0
87,CHEMBL115581,O=C1C(=O)N(Cc2ccccc2)c2ccccc21,inactive,237.258,2.4161,0.0,2.0,5.0
88,CHEMBL115897,O=C1Nc2ccc(Br)cc2C1=O,inactive,226.02899999999997,1.5839,1.0,2.0,5.0
89,CHEMBL120254,NC(=S)/N=N/c1c(O)[nH]c2ccc([N+](=O)[O-])cc12,inactive,265.254,2.109,3.0,5.0,4.522878745280337
90,CHEMBL116040,O=C1Nc2ccc(F)cc2C1=O,inactive,165.12299999999996,0.9604999999999999,1.0,2.0,5.0
91,CHEMBL333636,Cc1cc(C)c2c(c1)C(=O)C(=O)N2,inactive,175.18699999999998,1.4382399999999997,1.0,2.0,5.0
92,CHEMBL120076,COc1cccc(CN2C(=O)C(=O)c3cc(Cl)ccc32)c1,inactive,301.729,3.078100000000002,0.0,3.0,5.0
93,CHEMBL327012,O=C1Nc2ccc(Cl)cc2C1=O,inactive,181.57799999999997,1.4747999999999999,1.0,2.0,5.0
94,CHEMBL333067,O=C1C(=O)N(Cc2ccc(Cl)cc2)c2ccc(Cl)cc21,intermediate,306.148,3.722900000000002,0.0,2.0,5.221848749616356
95,CHEMBL118210,Cc1cc(C)c2[nH]c(O)c(/N=N/C(=N)S)c2c1,inactive,248.31100000000004,3.4386100000000015,4.0,3.0,4.795880017344075
96,CHEMBL324722,COc1cccc(CN2C(=O)C(=O)c3cc(C)ccc32)c1,intermediate,281.311,2.7331200000000013,0.0,3.0,5.698970004336019
97,CHEMBL119213,NC(=S)/N=N/c1c(O)[nH]c2ccc(Cl)cc12,inactive,254.70200000000003,2.8541999999999996,3.0,3.0,4.6777807052660805
98,CHEMBL118355,Cc1cc(Cl)cc2c(/N=N/C(=N)S)c(O)[nH]c12,inactive,268.72900000000004,3.783590000000001,4.0,3.0,4.978810700930062
99,CHEMBL336693,O=C1C(=O)N(Cc2ccccc2)c2ccc(Cl)cc21,inactive,271.70300000000003,3.0695000000000014,0.0,2.0,4.045757490560675
100,CHEMBL418861,NC(=S)/N=N/c1c(O)[nH]c2ccc(Br)cc12,inactive,299.1530000000001,2.9633000000000003,3.0,3.0,4.698970004336019
101,CHEMBL60569,CN1C(=O)C(=O)c2ccccc21,inactive,161.16,0.8457000000000001,0.0,2.0,5.0
102,CHEMBL118305,O=C1Nc2ccc([N+](=O)[O-])cc2C1=O,inactive,192.12999999999997,0.7296,1.0,4.0,5.0
103,CHEMBL118830,O=C1C(=O)N(C(=O)c2ccccc2)c2ccccc21,inactive,251.241,2.0563000000000002,0.0,3.0,5.0
104,CHEMBL117767,Cc1ccc2c(c1)C(=O)C(=O)N2Cc1ccccc1-c1ccccc1,intermediate,327.38300000000004,4.391520000000003,0.0,2.0,5.552841968657781
105,CHEMBL333137,NC(=S)/N=N/c1c(O)[nH]c2ccccc12,intermediate,220.25700000000003,2.2008,3.0,3.0,5.096910013008056
106,CHEMBL325480,O=C1Nc2ccc(I)cc2C1=O,inactive,273.029,1.426,1.0,2.0,5.0
107,CHEMBL116649,O=C1Nc2ccc(OC(F)(F)F)cc2C1=O,inactive,231.12899999999993,1.72,1.0,3.0,5.0
108,CHEMBL119370,NC(=S)/N=N/c1c(O)[nH]c2ccc(I)cc12,intermediate,346.1530000000001,2.8053999999999997,3.0,3.0,5.045757490560675
109,CHEMBL117515,Cc1ccc2c(c1)C(=O)C(=O)N2Cc1ccc(Cl)cc1,inactive,285.73,3.3779200000000023,0.0,2.0,5.0
110,CHEMBL118596,O=C1C(=O)N(Cc2ccccc2)c2ccc(I)cc21,inactive,363.15400000000005,3.0207000000000015,0.0,2.0,4.045757490560675
111,CHEMBL119756,NC(=S)/N=N/c1c(O)[nH]c2ccc(F)cc12,inactive,238.247,2.3399,3.0,3.0,4.522878745280337
112,CHEMBL39255,O=C(N/N=C/c1ccc(-c2cccc([N+](=O)[O-])c2)o1)c1ccc2ccccc2c1,inactive,385.3790000000001,4.771900000000003,1.0,5.0,1.0
113,CHEMBL38981,O=C(N/N=C/c1ccc([N+](=O)[O-])o1)c1cc2ccccc2cc1O,inactive,325.28000000000003,2.8105000000000016,2.0,6.0,1.0
114,CHEMBL38462,O=C(N/N=C/c1ccc(-c2ccc(Cl)cc2)o1)c1ccccc1O,inactive,340.766,4.069500000000003,2.0,4.0,1.0
115,CHEMBL289164,O=C(N/N=C/c1ccc(-c2ccccc2[N+](=O)[O-])o1)c1ccccc1O,inactive,351.31800000000004,3.3243000000000014,2.0,6.0,1.0
116,CHEMBL39253,COc1ccc2cc(O)c(C(=O)N/N=C/c3ccc(-c4cc(C(F)(F)F)nn4C)s3)cc2c1,inactive,474.4640000000001,4.798700000000002,2.0,7.0,1.0
117,CHEMBL37464,O=C(N/N=C/c1ccc(C(=O)O)o1)c1cccc([N+](=O)[O-])c1,inactive,303.23,1.6499000000000001,2.0,6.0,1.0
118,CHEMBL39814,CN(C)c1ccc(/C=N/NC(=O)c2ccccc2)c2ccccc12,inactive,317.392,3.6697000000000024,1.0,3.0,1.0
119,CHEMBL40503,O=C(N/N=C/c1cc(Br)cs1)c1cnc2ccccc2c1,inactive,360.23600000000005,3.822700000000001,1.0,4.0,1.0
120,CHEMBL40119,COc1cc(OC)cc(C(=O)N/N=C/c2ccc(C(=O)O)o2)c1,inactive,318.2850000000001,1.7589000000000001,2.0,6.0,1.0
121,CHEMBL289374,CN(C)c1ccc(/C=N/NC(=O)c2ccnc3ccccc23)c2ccccc12,inactive,368.44000000000005,4.217900000000003,1.0,4.0,1.0
122,CHEMBL285167,COc1ccc(C(=O)N/N=C/c2ccoc2)c(OC)c1,inactive,274.276,2.0606999999999998,1.0,5.0,1.0
123,CHEMBL416237,O=C(N/N=C/c1ccc([N+](=O)[O-])o1)c1cccc([N+](=O)[O-])c1,inactive,304.218,1.8598999999999999,1.0,7.0,1.0
124,CHEMBL289764,O=C(N/N=C/c1ccnc2ccccc12)c1ccccc1O,inactive,291.31,2.7043000000000013,2.0,4.0,1.0
125,CHEMBL40165,CSc1ccc(/C=N/NC(=O)c2cccc(C)c2O)s1,inactive,306.412,3.247920000000002,2.0,5.0,1.0
126,CHEMBL39723,CN(C)c1ccc(/C=N/NC(=O)c2ccc(O)c(O)c2)c2ccccc12,inactive,349.39000000000004,3.0809000000000024,3.0,5.0,1.0
127,CHEMBL39161,O=C(N/N=C/c1ccc(-c2ccccc2Cl)o1)c1cc2ccccc2cc1O,inactive,390.8260000000001,5.222700000000004,2.0,4.0,1.0
128,CHEMBL326220,C/C(=N\N=C(/S)N1CCN(C)CC1)c1cccc(Br)c1,intermediate,355.305,2.7063000000000015,1.0,3.0,5.301029995663981
129,CHEMBL108035,C/C(=N\N=C(\N)S)c1cccc(-c2ccccc2)c1,intermediate,269.37300000000005,3.3221000000000016,2.0,2.0,5.096910013008056
130,CHEMBL108077,CS/C(S)=N/N=C(\C)c1cccc(Br)c1,inactive,303.25,3.821900000000001,1.0,3.0,4.698970004336019
131,CHEMBL108865,C/C(=N\N=C(\N)S)c1cccc(Oc2ccccc2)c1,inactive,285.372,3.447400000000001,2.0,3.0,5.0
132,CHEMBL109893,C/C(=N\N=C(\N)S)c1ccc(Oc2ccccc2)cc1,inactive,285.372,3.447400000000001,2.0,3.0,5.0
133,CHEMBL108700,C/C(=N\N=C(/S)N1CCCCC1)c1cccc(Br)c1,intermediate,340.28999999999996,3.9448000000000034,1.0,2.0,5.301029995663981
134,CHEMBL107612,C/C(=N\N=C(\N)S)c1ccc(Nc2ccccc2)cc1,inactive,284.38800000000003,3.3987000000000016,3.0,3.0,4.698970004336019
135,CHEMBL323975,C/C(=N\N=C(\N)S)c1ccc(-c2ccccc2)cc1,intermediate,269.37300000000005,3.3221000000000016,2.0,2.0,5.301029995663981
136,CHEMBL108101,C/C(=N/N=C(/N)S)c1cccc(/C(C)=N/N=C(/N)S)c1,intermediate,308.43600000000004,1.6236,4.0,4.0,5.301029995663981
137,CHEMBL416771,C/C(=N\NC(N)=S)c1ccccn1,inactive,194.26300000000003,0.6388000000000003,2.0,3.0,4.698970004336019
138,CHEMBL109619,CCN(CC)/C(S)=N/N=C(\C)c1cccc(Br)c1,intermediate,328.279,3.8007000000000026,1.0,2.0,5.301029995663981
139,CHEMBL111632,C/C(=N\N=C(\N)S)c1cccc(Nc2ccccc2)c1,inactive,284.38800000000003,3.3987000000000016,3.0,3.0,4.698970004336019
140,CHEMBL181504,CCCC/C(=N\NC(N)=S)c1ccc(Cl)c(Cl)c1,active,304.246,3.720900000000001,2.0,2.0,7.721246399047171
141,CHEMBL367811,CC(C)(C)/C(=N\N=C(\N)S)c1ccc(Cl)c(Cl)c1,inactive,304.24600000000004,3.988100000000002,2.0,2.0,5.0
142,CHEMBL181902,N/C(S)=N/N=C(/c1ccc(Cl)c(Cl)c1)C1CCCCC1,intermediate,330.2840000000002,4.522300000000002,2.0,2.0,5.522878745280337
143,CHEMBL181752,N/C(S)=N/N=C(\C=C\c1ccccc1)c1ccc(Cl)c(Cl)c1,active,350.2740000000001,4.655400000000002,2.0,2.0,7.522878745280337
144,CHEMBL183767,N/C(S)=N/N=C(\Cc1ccccc1)c1ccc(Cl)c(Cl)c1,active,338.26300000000003,4.184700000000002,2.0,2.0,7.096910013008056
145,CHEMBL182795,Cc1ccc(/C(=N\N=C(\N)S)c2ccc(Cl)c(Cl)c2)cc1,active,338.26300000000003,4.298720000000002,2.0,2.0,7.3979400086720375
146,CHEMBL183396,N/C(S)=N/N=C(/c1ccc(Cl)c(Cl)c1)C1CC1c1ccccc1,active,364.3010000000001,4.745700000000003,2.0,2.0,7.522878745280337
147,CHEMBL182790,N/C(S)=N/N=C(\COc1ccccc1)c1ccc(Cl)c(Cl)c1,active,354.26200000000006,4.021000000000002,2.0,3.0,7.522878745280337
148,CHEMBL183005,N/C(S)=N/N=C(\CCc1ccccc1)c1ccc(Cl)c(Cl)c1,active,352.2900000000001,4.574800000000002,2.0,2.0,7.3979400086720375
149,CHEMBL378621,CC(=O)C1=CCCc2ccccc21,intermediate,172.227,2.605200000000001,0.0,1.0,5.866461091629782
150,CHEMBL213224,NC(=S)N/N=C1\CCS(=O)(=O)c2c(Br)cc(Br)cc21,active,427.14300000000003,1.9263000000000001,2.0,4.0,6.086186147616283
151,CHEMBL214219,NC(=S)N/N=C1\CCS(=O)(=O)c2ccc(Br)cc21,active,348.247,1.1638,2.0,4.0,6.6777807052660805
152,CHEMBL215671,NC(=S)N/N=C1\CCOc2ccc(Br)cc21,active,300.181,1.7689,2.0,3.0,6.958607314841775
153,CHEMBL215980,NC(=S)N/N=C1\CCCc2ccc(Br)cc21,active,298.209,2.3227,2.0,2.0,7.769551078621726
154,CHEMBL385682,NC(=S)N/N=C1\CCCc2c(Br)cccc21,intermediate,298.209,2.3227,2.0,2.0,5.920818753952375
155,CHEMBL384296,NC(=S)NN=C(c1cccc(Br)c1)c1cccc(Br)c1,active,413.13800000000003,3.797200000000002,2.0,2.0,7.619788758288394
156,CHEMBL376207,NC(=S)N/N=C(\c1ccccc1)c1cccc(Br)c1,active,334.242,3.0347000000000017,2.0,2.0,7.096910013008056
157,CHEMBL213789,CC/C(=N\NC(N)=S)c1cccc(O)c1,inactive,223.30100000000002,1.3395,3.0,3.0,4.481486060122112
158,CHEMBL212845,NC(=S)N/N=C1\CCc2ccccc21,inactive,205.286,1.1701000000000001,2.0,2.0,4.769551078621726
159,CHEMBL212613,NC(=S)N/N=C1\CCc2ccccc2O1,inactive,221.285,1.1583,2.0,3.0,4.795880017344075
160,CHEMBL212612,NC(=S)N/N=C1/CCCC(c2ccc(Br)cc2)C1,intermediate,326.26300000000003,3.2959000000000023,2.0,2.0,5.154901959985743
161,CHEMBL212611,NC(=S)N/N=C1/CCC(c2ccc(Br)cc2)C1,intermediate,312.23600000000005,2.905800000000001,2.0,2.0,5.301029995663981
162,CHEMBL212144,C/C(=N/NC(N)=S)C1=CCCc2ccccc21,inactive,245.351,2.2253,2.0,2.0,4.698970004336019
163,CHEMBL211974,NC(=S)N/N=C1\CCS(=O)(=O)c2ccccc21,inactive,269.351,0.40129999999999955,2.0,4.0,4.698970004336019
164,CHEMBL213003,NC(=S)N/N=C1\CCOc2ccccc21,inactive,221.285,1.0064,2.0,3.0,4.769551078621726
165,CHEMBL424886,NC(=S)N/N=C1\CCSc2ccccc21,intermediate,237.353,1.7197,2.0,3.0,5.698970004336019
166,CHEMBL375977,CC/C(=N\NC(N)=S)c1cccc(N)c1,intermediate,222.317,1.2161000000000002,3.0,3.0,5.438898616350944
167,CHEMBL373586,CC/C(=N\NC(N)=S)c1cccc([N+](=O)[O-])c1,active,252.299,1.5421,2.0,4.0,6.0655015487564325
168,CHEMBL212718,C=CC(=O)C1=CCCc2ccc(Br)cc21,active,263.134,3.533800000000003,0.0,1.0,6.096910013008056
169,CHEMBL238429,O=S(=O)(/C=C/c1ccc2c(c1)no[n+]2[O-])c1ccccc1,inactive,302.311,1.9058,0.0,5.0,4.301029995663981
170,CHEMBL391827,O=S(=O)(/C=C\c1ccc2c(c1)no[n+]2[O-])c1ccccc1,inactive,302.311,1.9058,0.0,5.0,4.301029995663981
171,CHEMBL249814,CCOC(=O)[C@H]1O[C@H]1C(=O)[C@H](CCc1ccccc1)NC(=O)[C@H](Cc1ccccc1)NC(=O)OCc1ccccc1,active,558.6310000000003,3.5413000000000006,2.0,7.0,7.698970004336019
172,CHEMBL91704,CN1CCN(C(=O)N[C@@H](Cc2ccccc2)C(=O)N[C@H](/C=C/S(=O)(=O)c2ccccc2)CCc2ccccc2)CC1,active,574.7470000000001,3.659900000000002,2.0,5.0,8.301029995663981
173,CHEMBL249815,CCOC(=O)[C@@H]1O[C@@H]1C(=O)[C@H](CCc1ccccc1)NC(=O)[C@H](Cc1ccccc1)NC(=O)OCc1ccccc1,active,558.6310000000003,3.5413000000000006,2.0,7.0,7.301029995663981
174,CHEMBL420256,O=C(N[C@@H](Cc1ccccc1)C(=O)N[C@@H](CCc1ccccc1)C(=O)[C@H]1CO1)OCc1ccccc1,active,486.5680000000002,3.609600000000003,2.0,5.0,6.0
175,CHEMBL330585,O=C(N[C@@H](Cc1ccccc1)C(=O)N[C@@H](CCc1ccccc1)C(=O)[C@@H]1CO1)OCc1ccccc1,active,486.5680000000002,3.609600000000003,2.0,5.0,8.0
176,CHEMBL260148,CC(C)[C@H](NC(=O)OC(C)(C)C)c1nnc(S(=O)(=O)Cc2c(F)cccc2Cl)o1,active,447.91600000000017,4.057800000000003,1.0,7.0,6.0
177,CHEMBL261812,CC(C)(C)OC(=O)NCc1nnc(S(=O)(=O)Cc2ccc(Cl)cc2Cl)o1,inactive,422.2900000000002,3.3750000000000018,1.0,7.0,4.022276394711152
178,CHEMBL409024,N[C@@H](Cc1cc(-c2ccc(Cl)cc2Cl)cc(CP(=O)(O)O)c1O)C(=O)O,inactive,420.1850000000001,2.998100000000002,5.0,4.0,4.113509274827518
179,CHEMBL258538,O=C(O)c1ccc2c(c1)C(=O)N(C(Cc1ccc(O)cc1)C(=O)O)C2=O,inactive,355.3020000000001,1.3822999999999999,3.0,5.0,2.0
180,CHEMBL259139,O=C(CC1(O)C(=O)Nc2cc(Cl)cc(Cl)c21)c1ccccc1O,inactive,352.17300000000006,3.1117000000000012,3.0,4.0,4.136677139879544
181,CHEMBL409906,CCOC(=O)C1=C(c2ccccc2)NC(SCC(=O)Nc2ccc(C)cc2)=C(C#N)C1c1ccco1,active,499.59200000000027,5.3563000000000045,2.0,7.0,6.0
182,CHEMBL265957,CCOC(=O)SC1=N/C(=C/c2ccc(N(C)C)cc2)C(=O)S1,active,336.43800000000005,3.6126000000000023,0.0,7.0,6.0
183,CHEMBL261259,CCCC12CN(C(=O)c3ccc(OC)cc3)CC(C)(CN(C(=O)c3ccc(OC)cc3)C1)C2=O,inactive,464.5620000000003,3.677500000000003,0.0,5.0,3.221848749616356
184,CHEMBL259355,Cc1ccc(C)n1C(Cc1ccccc1)C(=O)O,active,243.30600000000004,2.9733400000000003,1.0,2.0,6.0
185,CHEMBL404954,S=C([S-])OC1CC2CC1C1CCCC21.[K+],inactive,227.37399999999997,2.6595000000000013,0.0,3.0,4.823908740944319
186,CHEMBL6246,O=c1oc2c(O)c(O)cc3c(=O)oc4c(O)c(O)cc1c4c23,inactive,302.194,1.3127999999999997,4.0,8.0,4.1938200260161125
187,CHEMBL275938,O=C(O)C1=CC(=C(c2ccc(O)c(C(=O)O)c2)c2ccc(O)c(C(=O)O)c2)C=CC1=O,inactive,422.34500000000014,2.4460000000000006,5.0,6.0,4.275724130399211
188,CHEMBL261208,C[C@H]1[C@H]2C=C[C@@H]1[C@@H](C(=O)O)[C@@H]2c1c2ccc(=O)c(O)c-2oc2c(O)c(O)ccc12,inactive,394.37900000000013,3.2509000000000023,4.0,6.0,4.022276394711152
189,CHEMBL258670,O=C1C=CC2=C(Oc3c(ccc(O)c3O)/C2=C\C=C(O)O)C1=O,inactive,314.2490000000001,1.7930999999999997,4.0,7.0,4.022276394711152
190,CHEMBL437061,Cc1occc1C(=O)n1nnc2ccccc21,inactive,227.223,2.02122,0.0,5.0,3.9746941347352296
191,CHEMBL261122,CCOC(=O)/C(C(C)=O)=C1\OC(=O)c2ccccc21,inactive,260.245,1.7202,0.0,5.0,3.221848749616356
192,CHEMBL259018,CC(C)(C)OC(=O)NCCc1nnc(S(=O)(=O)Cc2ccc(Cl)cc2Cl)o1,inactive,436.3170000000001,3.4175000000000013,1.0,7.0,4.022276394711152
193,CHEMBL406555,O=C(Oc1cccnc1)c1cc2ccccc2oc1=O,inactive,267.24,2.4072000000000005,0.0,5.0,4.154901959985743
194,CHEMBL408636,COc1cccc2cc(C(=O)n3ccc(C)n3)c(=O)oc12,inactive,284.271,1.9950199999999998,0.0,6.0,3.9208187539523753
195,CHEMBL460050,[O-][n+]1onc2ccc(/C=N/NC(=S)Nc3ccccc3)cc21,inactive,313.34200000000004,1.7816999999999998,2.0,5.0,4.107905397309519
196,CHEMBL470290,[O-][n+]1onc2ccc(/C=N/N=C/c3ccc(O)c(Br)c3)cc21,inactive,361.15500000000003,2.3823000000000008,1.0,6.0,4.136677139879544
197,CHEMBL504491,[O-][n+]1onc2ccc(/C=N/N=C/c3ccc(O)cc3)cc21,inactive,282.259,1.6198,1.0,6.0,4.0
198,CHEMBL444202,[O-][n+]1onc2ccc(/C=N/N=C/c3ccccc3O)cc21,inactive,282.259,1.6198,1.0,6.0,4.167491087293763
199,CHEMBL512308,N=C(N)N/N=C/c1ccc(OCc2ccc3no[n+]([O-])c3c2)cc1,inactive,326.31600000000003,0.8571699999999993,3.0,6.0,4.494850021680094
200,CHEMBL470902,NC(=S)N/N=C/c1ccc(OCc2ccc3no[n+]([O-])c3c2)cc1,inactive,343.36800000000005,1.2073000000000003,2.0,6.0,4.366531544420414
201,CHEMBL459639,NC(=O)N/N=C/c1ccc(OCc2ccc3no[n+]([O-])c3c2)cc1,inactive,327.3,1.0423999999999998,2.0,6.0,4.0
202,CHEMBL460049,C=CCNC(=S)N/N=C/c1ccc2no[n+]([O-])c2c1,inactive,277.309,0.44519999999999993,2.0,5.0,4.0
203,CHEMBL460048,NC(=S)N/N=C/c1ccc2no[n+]([O-])c2c1,inactive,237.244,-0.3716999999999999,2.0,5.0,4.0
204,CHEMBL454688,CC(C)C[C@@H]1N[C@@H](C(=O)Nc2ccccc2)CCCCC[C@@H](/C=C/S(=O)(=O)c2ccccc2)NC1=O,intermediate,511.6880000000003,4.434500000000003,3.0,5.0,5.698970004336019
205,CHEMBL452863,CC(C)C[C@@H]1N[C@@H](C(=O)Nc2ccccc2)CCCC[C@@H](/C=C/S(=O)(=O)c2ccccc2)NC1=O,inactive,497.66100000000023,4.044400000000003,3.0,5.0,5.0
206,CHEMBL452599,FC(F)(F)c1ccnc(N/N=C/c2ccccc2)n1,inactive,266.22600000000006,2.9414000000000007,1.0,4.0,3.8239087409443187
207,CHEMBL510327,Cc1ccccc1/C=N/Nc1nccc(C(F)(F)F)n1,inactive,280.253,3.2498200000000015,1.0,4.0,4.0
208,CHEMBL455668,Cc1ccc(/C=N/Nc2nccc(C(F)(F)F)n2)cc1,inactive,280.253,3.2498200000000015,1.0,4.0,4.0
209,CHEMBL455669,FC(F)(F)c1ccnc(N/N=C/c2ccc(Cl)cc2)n1,inactive,300.67100000000005,3.594800000000001,1.0,4.0,4.070581074285707
210,CHEMBL452693,COc1ccc(/C=N/Nc2nccc(C(F)(F)F)n2)cc1,inactive,296.252,2.950000000000001,1.0,5.0,4.0
211,CHEMBL453633,O=[N+]([O-])c1ccc(/C=N/Nc2nccc(C(F)(F)F)n2)cc1,inactive,311.223,2.8496000000000006,1.0,6.0,4.0
212,CHEMBL451256,Cc1cc(C(F)(F)F)nc(N/N=C/c2ccccc2C)n1,inactive,294.2800000000001,3.5582400000000014,1.0,4.0,4.0
213,CHEMBL453634,COc1ccccc1/C=N/Nc1nc(C)cc(C(F)(F)F)n1,inactive,310.27899999999994,3.258420000000001,1.0,5.0,3.8239087409443187
214,CHEMBL462539,Cc1cc(C(F)(F)F)nc(N/N=C/c2ccc(Cl)cc2)n1,inactive,314.69800000000004,3.903220000000002,1.0,4.0,4.0
215,CHEMBL541696,Nc1ncccc1C(=O)OCC(=O)Nc1cc(Cl)ccc1Cl,inactive,340.16600000000005,2.7661000000000007,2.0,5.0,3.9355420107730814
216,CHEMBL564453,COc1ccc(OC)c(CNC(=O)c2nnc(-c3ccccc3N)o2)c1,inactive,354.36600000000004,2.266,2.0,7.0,4.346787486224656
217,CHEMBL560043,Nc1ccccc1-c1nnc(C(=O)Nc2cc(-c3cccs3)[nH]n2)o1,inactive,352.379,3.0227000000000004,3.0,7.0,3.9913998282380825
218,CHEMBL559646,Nc1ccccc1-c1nnc(C(=O)Nc2cccc(N3CCCC3)c2)o1,inactive,349.3940000000002,3.1713000000000013,2.0,6.0,4.00436480540245
219,CHEMBL549410,Cn1ccc(NC(=O)c2nnc(-c3ccccc3N)o2)n1,inactive,284.279,1.3045999999999998,2.0,7.0,4.0
220,CHEMBL541083,Cc1cc(NC(=O)c2nnc(-c3ccccc3N)o2)n[nH]1,inactive,284.279,1.6026199999999997,3.0,6.0,4.958607314841775
221,CHEMBL556466,CC(C)(C)c1cc(NC(=O)c2nnc(-c3ccccc3N)o2)n[nH]1,intermediate,326.36000000000007,2.5917,3.0,6.0,5.698970004336019
222,CHEMBL550751,Nc1ccccc1-c1nnc(C(=O)Nc2cc(-c3ccccc3)[nH]n2)o1,active,346.35,2.9612000000000007,3.0,6.0,6.096910013008056
223,CHEMBL556465,COc1ccc(-c2cc(NC(=O)c3nnc(-c4ccccc4N)o3)n[nH]2)cc1,active,376.37600000000003,2.9697999999999993,3.0,7.0,6.698970004336019
224,CHEMBL564546,Cc1ccc(-c2cc(NC(=O)c3nnc(-c4ccccc4N)o3)n[nH]2)cc1,active,360.37700000000007,3.2696199999999997,3.0,6.0,6.301029995663981
225,CHEMBL552098,Nc1ccccc1-c1nnc(C(=O)NCCCN2CCCC2=O)o1,inactive,329.3600000000001,1.0610999999999997,2.0,6.0,4.0
226,CHEMBL556464,CCN1CCC[C@H]1CNC(=O)c1nnc(-c2ccccc2N)o1,inactive,315.37700000000007,1.5329,2.0,6.0,4.0
227,CHEMBL554556,Nc1ccccc1-c1nnc(C(=O)NCCN2CCOCC2)o1,inactive,317.3490000000001,0.3807999999999998,2.0,7.0,4.0
228,CHEMBL555141,Nc1ccccc1-c1nnc(C(=O)NCc2c(Cl)cccc2Cl)o1,intermediate,363.20400000000006,3.555600000000002,2.0,5.0,5.096910013008056
229,CHEMBL555241,Cc1cc2cc(NC(=O)c3nnc(-c4ccccc4N)o3)ccc2[nH]1,intermediate,333.35100000000006,3.3608200000000004,3.0,5.0,5.221848749616356
230,CHEMBL551901,Nc1ccccc1-c1nnc(C(=O)Nc2ccc3oc4c(c3c2)CCCC4)o1,intermediate,374.40000000000026,4.196100000000003,2.0,6.0,5.698970004336019
231,CHEMBL572120,Nc1ccccc1-c1nnc(C(=O)NC2Cc3ccccc3C2)o1,inactive,320.3520000000001,2.216,2.0,5.0,4.958607314841775
232,CHEMBL561904,COc1ccc(NC(=O)c2nnc(-c3ccccc3N)o2)c(OC)c1,intermediate,340.3390000000001,2.5883000000000003,2.0,7.0,5.522878745280337
233,CHEMBL552725,Nc1ccccc1-c1nnc(C(=O)NC2CCCCCC2)o1,inactive,300.3620000000001,2.7714000000000016,2.0,5.0,4.853871964321762
234,CHEMBL564809,Nc1ccccc1-c1nnc(C(=O)NC2CCCCC2)o1,inactive,286.33500000000004,2.3813000000000004,2.0,5.0,4.6020599913279625
235,CHEMBL559770,Nc1ccccc1C(=O)OCC(=O)Nc1cc(Cl)ccc1Cl,inactive,339.178,3.371100000000002,2.0,4.0,4.236572006437063
236,CHEMBL562106,CCC(NC(=O)COC(=O)c1cccnc1N)c1ccc(Br)cc1,inactive,392.25300000000004,2.850600000000001,2.0,5.0,4.075720713938118
237,CHEMBL550694,Nc1ncccc1C(=O)OCC(=O)NC1CCCCCC1,inactive,291.35100000000006,1.6595999999999993,2.0,5.0,4.060480747381382
238,CHEMBL554709,NC(=O)c1ccsc1NC(=O)COC(=O)c1cc(Br)ccc1N,inactive,398.238,1.9871999999999999,3.0,6.0,4.045757490560675
239,CHEMBL549615,Nc1ncccc1C(=O)OCC(=O)Nc1ccccc1OC(F)F,inactive,337.282,2.0606999999999998,2.0,6.0,3.899629454882437
240,CHEMBL563022,Nc1ncccc1C(=O)OCC(=O)Nc1ccc2c(c1)OCCO2,inactive,329.3120000000001,1.2304999999999995,2.0,7.0,3.7399286120149253
241,CHEMBL570547,Cc1cccc(C(=O)OCC(=O)Nc2cc(Cl)ccc2Cl)c1,inactive,338.19000000000005,4.0973200000000025,1.0,3.0,3.6989700043360187
242,CHEMBL563474,O=C(COC(=O)c1ccccn1)Nc1cc(Cl)ccc1Cl,inactive,325.15100000000007,3.1839000000000013,1.0,4.0,3.6989700043360187
243,CHEMBL562581,Nc1ccccc1-c1nnc(C(=O)Nc2nc(-c3ccc(Cl)cc3)cs2)o1,intermediate,397.8470000000001,4.348000000000002,2.0,7.0,5.522878745280337
244,CHEMBL549616,Nc1ccccc1-c1nnc(C(=O)NCc2csc(-c3cccs3)n2)o1,intermediate,383.4580000000001,3.4338000000000015,2.0,8.0,5.698970004336019
245,CHEMBL563023,Nc1ccccc1-c1nnc(C(=O)Nc2nnc(-c3ccc(Cl)cc3)s2)o1,intermediate,398.83500000000004,3.743000000000001,2.0,8.0,5.3979400086720375
246,CHEMBL550771,Nc1ccccc1-c1nnc(C(=O)NCc2cccc3nsnc23)o1,intermediate,352.3790000000001,2.2535,2.0,8.0,5.221848749616356
247,CHEMBL550025,Nc1ccccc1-c1nnc(C(=O)NCc2ccc3c(c2)OCO3)o1,intermediate,338.3230000000001,1.9775,2.0,7.0,5.221848749616356
248,CHEMBL560962,Cc1nn(-c2ccccc2)nc1CNC(=O)c1nnc(-c2ccccc2N)o1,intermediate,375.3920000000001,2.13792,2.0,8.0,5.154901959985743
249,CHEMBL557189,Nc1ccccc1-c1nnc(C(=O)NCc2nc3ccccc3[nH]2)o1,inactive,334.339,2.1251,3.0,6.0,4.769551078621726
250,CHEMBL549676,Nc1ccccc1-c1nnc(C(=O)NCc2ccc(C(F)(F)F)c(F)c2)o1,inactive,380.301,3.4067000000000016,2.0,5.0,5.0
251,CHEMBL550773,Nc1ccccc1-c1nnc(C(=O)NCc2ccc(Cn3cccn3)cc2)o1,intermediate,374.40400000000005,2.4936000000000007,2.0,7.0,5.096910013008056
252,CHEMBL560840,Nc1ccccc1-c1nnc(C(=O)NCc2ccnc(N3CCSCC3)c2)o1,inactive,396.4760000000002,2.197,2.0,8.0,4.638272163982407
253,CHEMBL563328,Nc1ccccc1-c1nnc(C(=O)NCc2ccc(Oc3ccccc3)cc2)o1,intermediate,386.41100000000006,4.041100000000003,2.0,6.0,5.221848749616356
254,CHEMBL554300,Nc1ccccc1-c1nnc(C(=O)Nc2ccc3[nH]ncc3c2)o1,inactive,320.31200000000007,2.4474,3.0,6.0,4.3872161432802645
255,CHEMBL561361,Cc1ccc(CNC(=O)c2nnc(-c3ccccc3N)o2)o1,inactive,298.3020000000001,2.15022,2.0,6.0,4.853871964321762
256,CHEMBL561239,Nc1ccccc1-c1nnc(C(=O)NC2CCc3ccccc32)o1,inactive,320.35200000000003,2.7361000000000004,2.0,5.0,4.769551078621726
257,CHEMBL550960,CC(NC(=O)c1nnc(-c2ccccc2N)o1)C12CC3CC(CC(C3)C1)C2,inactive,366.46500000000026,3.653500000000003,2.0,5.0,4.7447274948966935
258,CHEMBL562224,CCN(CC)c1ccc(NC(=O)c2nnc(-c3ccccc3N)o2)cc1,inactive,351.4100000000001,3.417300000000001,2.0,6.0,4.443697499232712
259,CHEMBL554736,Nc1ccccc1-c1nnc(C(=O)NCc2ccccc2OC2CCOCC2)o1,inactive,394.43100000000027,2.8066000000000013,2.0,7.0,4.376750709602099
260,CHEMBL550965,Nc1ccccc1-c1nnc(C(=O)NCc2ccccc2N2CCOCC2)o1,inactive,379.42000000000024,2.0854,2.0,7.0,4.42021640338319
261,CHEMBL550633,Nc1ccccc1-c1nnc(C(=O)N[C@@H]2c3ccccc3C[C@@H]2O)o1,inactive,336.3510000000001,1.7068999999999999,3.0,6.0,4.494850021680094
262,CHEMBL560503,Nc1ccccc1-c1nnc(C(=O)NCc2cccc(N3CCOCC3)c2)o1,inactive,379.42000000000024,2.0854,2.0,7.0,4.481486060122112
263,CHEMBL550634,CC1C2CCC(C)(C2)C1NC(=O)c1nnc(-c2ccccc2N)o1,inactive,326.4000000000001,2.8733000000000004,2.0,5.0,4.443697499232712
264,CHEMBL565191,Nc1ccccc1-c1nnc(C(=O)NCc2ccnc(N3CCOCC3)c2)o1,inactive,380.40800000000024,1.4803999999999997,2.0,8.0,4.080921907623926
265,CHEMBL550836,Nc1ccccc1-c1nnc(C(=O)NCc2c(N)cccc2F)o1,inactive,327.319,1.9700999999999997,3.0,6.0,4.2839966563652006
266,CHEMBL563197,Nc1ccccc1-c1nnc(C(=O)Nc2ccc(N3CCOCC3)cc2)o1,inactive,365.3930000000002,2.4077,2.0,7.0,4.207608310501746
267,CHEMBL563815,Cn1nccc1NC(=O)c1nnc(-c2ccccc2N)o1,inactive,284.27900000000005,1.3045999999999998,2.0,7.0,4.0
268,CHEMBL561769,Nc1ccccc1-c1nnc(C(=O)N[C@H]2CCCCNC2=O)o1,inactive,315.333,0.7172999999999996,3.0,6.0,4.0
269,CHEMBL563851,Nc1ccccc1-c1nnc(C(=O)NCCN2CCNC2=O)o1,inactive,316.321,0.07379999999999948,3.0,6.0,4.0
270,CHEMBL550287,Nc1ccccc1-c1nnc(C(=O)NCc2cccc(-n3cccn3)c2)o1,inactive,360.37700000000007,2.4345000000000008,2.0,7.0,4.769551078621726
271,CHEMBL564049,COc1cc(CNC(=O)c2nnc(-c3ccccc3N)o2)cc(OC)c1OC,inactive,384.3920000000002,2.2746000000000004,2.0,8.0,4.0
272,CHEMBL561845,Nc1ccccc1-c1nnc(C(=O)NC2CCNCC2)o1,inactive,287.32300000000004,0.8005999999999998,3.0,6.0,4.0
273,CHEMBL562782,Nc1ccccc1-c1nnc(C(=O)NCCCn2ccnc2)o1,inactive,312.33299999999997,1.3354,2.0,7.0,4.0
274,CHEMBL566920,O=C(Nc1ccc(/N=N/c2ccccc2)cc1)c1cccc(Cl)c1,inactive,335.7940000000001,6.007700000000003,1.0,3.0,4.920818753952375
275,CHEMBL566931,Cc1ccc(Cl)cc1NC(=O)CCC(=O)Nc1cc(Cl)ccc1C,inactive,365.2600000000001,4.967640000000003,2.0,2.0,4.920818753952375
276,CHEMBL571065,Cc1sc(NC(=S)NC(=O)C2CCCCC2)c(C(N)=O)c1C,inactive,339.4860000000001,2.8571400000000002,3.0,4.0,4.920818753952375
277,CHEMBL579075,COc1ccc(/C=N/NC(=O)c2ccc(Br)cc2)cc1Cn1cc(Cl)cn1,inactive,447.7200000000001,4.119800000000002,1.0,5.0,4.920818753952375
278,CHEMBL567959,Cc1ccc(C(=O)Nc2nc(-c3cc(Cl)sc3Cl)cs2)cc1,inactive,369.298,5.739120000000002,1.0,4.0,4.920818753952375
279,CHEMBL567132,c1ccc(-c2cc3c(NCC4COc5ccccc5O4)ncnc3s2)cc1,inactive,375.45300000000003,4.6102000000000025,1.0,6.0,4.920818753952375
280,CHEMBL567145,CCN(Cc1ccccc1)c1nc2c(S(=O)(=O)c3ccccc3)nnn2c2ccc(Cl)cc12,inactive,477.97700000000015,4.790200000000004,0.0,7.0,4.920818753952375
281,CHEMBL565862,COc1ccc(S(=O)(=O)Nc2nc3ccccc3nc2NCc2ccc3c(c2)OCO3)cc1,inactive,464.50300000000027,3.780000000000002,2.0,8.0,4.920818753952375
282,CHEMBL566932,C=C(C)CSc1cc(N)c(C#N)c(-c2ccc(C)cc2)c1C#N,inactive,319.433,4.655780000000004,1.0,4.0,4.920818753952375
283,CHEMBL12998,CCCCCCNC(=O)Nc1ccc(S(=O)(=O)Nc2ccc(CCNC[C@H](O)COc3ccc(O)cc3)cc2)cc1,inactive,584.7390000000004,4.466800000000003,6.0,7.0,4.920818753952375
284,CHEMBL577938,N#Cc1c(-c2ccccc2)cc(-c2ccco2)c(C#N)c1N,inactive,285.306,3.939160000000003,1.0,4.0,4.920818753952375
285,CHEMBL566064,O=C(Nc1nc(-c2ccc(S(=O)(=O)N3CCCCCC3)cc2)cs1)c1cccs1,inactive,447.60700000000014,4.688600000000004,1.0,6.0,4.920818753952375
286,CHEMBL576039,CCSc1nnc(NC(=O)c2ccc(Br)s2)s1,inactive,350.288,3.726400000000001,1.0,6.0,4.920818753952375
287,CHEMBL567335,O=C(Cn1c(=O)oc2ccccc21)Nc1oc(-c2ccccc2)c(-c2ccccc2)c1O,inactive,426.4280000000001,4.865800000000005,2.0,6.0,4.920818753952375
288,CHEMBL567337,O=C(Nc1nc(-c2cccs2)cs1)c1ccc(S(=O)(=O)N2CCCC2)cc1,inactive,419.5530000000003,3.908400000000003,1.0,6.0,4.920818753952375
289,CHEMBL567356,O=C(COC(=O)c1cccc(Oc2ccccc2)c1)Nc1nnc(-c2ccccc2)o1,inactive,415.4050000000001,4.3244000000000025,1.0,7.0,4.920818753952375
290,CHEMBL567529,Cn1c(C(C#N)C(=O)c2sc3ccccc3c2Cl)nc2ccccc21,inactive,365.8450000000001,4.931480000000003,0.0,5.0,4.920818753952375
291,CHEMBL566068,Oc1cc(-c2ccc(Cl)c(Cl)c2)[nH]n1,inactive,229.066,3.0891,2.0,2.0,4.920818753952375
292,CHEMBL577752,O=C(Nc1nc(-c2cccc(Br)c2)cs1)Oc1ccccc1,inactive,375.24700000000007,5.183500000000002,1.0,4.0,4.522878745280337
293,CHEMBL578585,Cc1cc(NC(=O)Cc2cccs2)no1,inactive,222.26900000000003,2.22572,1.0,4.0,4.522878745280337
294,CHEMBL567130,CCc1ccc(C(=O)CSC2=C(C#N)C(c3ccco3)C(C(C)=O)=C(C)N2)cc1,inactive,406.5070000000001,4.743080000000004,1.0,6.0,4.522878745280337
295,CHEMBL566706,O=C(CSc1nnc(-c2ccccc2)o1)N1CCN(c2ccccc2)CC1,inactive,380.4730000000002,3.177500000000002,0.0,6.0,4.522878745280337
296,CHEMBL567323,Cc1cccc(NS(=O)(=O)c2ccc(C)c(C(=O)OCC(=O)Nc3cc(C)on3)c2)c1,inactive,443.4810000000002,3.1961600000000017,2.0,7.0,4.522878745280337
297,CHEMBL567531,O=C(COC(=O)c1cc(-c2ccco2)nc2ccccc12)NCc1ccc2c(c1)OCO2,inactive,430.4160000000002,3.6967000000000017,1.0,7.0,4.522878745280337
298,CHEMBL31574,O=c1c(O)c(-c2ccc(O)c(O)c2)oc2cc(O)ccc12,inactive,286.23900000000003,2.282400000000001,4.0,6.0,4.522878745280337
299,CHEMBL39878,CCCCC/C=C\C/C=C\C/C=C\C/C=C\CCCC(=O)Nc1ccc(O)cc1,inactive,395.5870000000001,7.476400000000007,2.0,2.0,4.522878745280337
300,CHEMBL567735,COC(=O)c1ccc(-c2nc(-c3ccc(Br)o3)no2)cc1,inactive,349.14000000000004,3.545700000000002,0.0,6.0,4.522878745280337
301,CHEMBL565812,Cc1cc(NC(=O)c2cc(CC(C)C)on2)no1,inactive,249.26999999999998,2.4218200000000003,1.0,5.0,4.221848749616356
302,CHEMBL566933,Cc1ccc(NC(=O)CSC(N)=O)cc1Cl,inactive,258.73,2.3988199999999997,2.0,3.0,4.221848749616356
303,CHEMBL577546,NC(=O)SCC(=O)Nc1cccc(Cl)c1,inactive,244.703,2.0904,2.0,3.0,4.221848749616356
304,CHEMBL586058,C=CCNC(=O)c1cc([N+](=O)[O-])cc2c(=O)[nH]c(Nc3ccc(Cl)c(Cl)c3)nc12,inactive,434.23900000000003,3.797500000000001,3.0,6.0,4.221848749616356
305,CHEMBL299879,O=[N+]([O-])c1ccccc1S(=O)(=O)NC[C@H]1CC[C@H](CNCC2CCc3ccccc3C2)CC1,inactive,471.62300000000033,4.074200000000003,2.0,5.0,4.221848749616356
306,CHEMBL81,O=C(c1ccc(OCCN2CCCCC2)cc1)c1c(-c2ccc(O)cc2)sc2cc(O)ccc12,inactive,473.5940000000001,6.075200000000007,2.0,6.0,4.221848749616356
307,CHEMBL566707,CCn1ccnc1C(O)c1cccc(OC)c1OC,inactive,262.30899999999997,2.0019,1.0,5.0,4.221848749616356
308,CHEMBL570844,Cc1cc(=O)oc2cc(OCC#N)ccc12,inactive,215.20799999999997,2.0038,0.0,4.0,4.221848749616356
309,CHEMBL568419,COc1ccc(C(=O)Nc2nncs2)c(OC)c1,inactive,265.294,1.8075999999999999,1.0,6.0,4.221848749616356
310,CHEMBL568420,O=C(c1ccccc1)c1cn(CC(=O)N2CCCC2)c2ccccc12,inactive,332.403,3.4947000000000026,0.0,3.0,4.221848749616356
311,CHEMBL577758,Cc1ccc(-c2csc(NC(=O)c3ccno3)n2)cc1,inactive,285.32800000000003,3.3588200000000015,1.0,5.0,4.221848749616356
312,CHEMBL571296,Cn1cnnc1SCC(=O)Nc1sc2c(c1C(N)=O)CCC2,inactive,337.4300000000002,1.1949999999999998,2.0,7.0,4.221848749616356
313,CHEMBL566690,O=C(CS[n+]1cc(-c2ccc(F)cc2)cs1)NC(=O)NCc1ccco1.[Cl-],inactive,392.4570000000001,2.9570000000000007,2.0,5.0,4.221848749616356
314,CHEMBL578136,O=C(CSCc1ccc(Cl)cc1)c1ccco1,inactive,266.749,4.049100000000003,0.0,3.0,4.221848749616356
315,CHEMBL567161,CCNc1nc(C#N)nc(Nc2ccccc2)n1,active,240.27000000000004,1.9186799999999997,2.0,6.0,6.1487416512809245
316,CHEMBL566069,N#Cc1nc(Nc2ccccc2)nc(NC2CCCC2)n1,active,280.33500000000004,2.841380000000001,2.0,6.0,6.1487416512809245
317,CHEMBL576847,CCCNc1nc(C#N)nc(Nc2ccccc2)n1,active,254.29700000000003,2.3087799999999996,2.0,6.0,6.102372908709558
318,CHEMBL566691,CC(C)Nc1nc(C#N)nc(Nc2ccccc2)n1,active,254.29700000000003,2.30718,2.0,6.0,6.050609993355087
319,CHEMBL567135,N#Cc1nc(NCC2CC2)nc(Nc2ccccc2)n1,active,266.308,2.3087799999999996,2.0,6.0,6.050609993355087
320,CHEMBL565866,CC(C)CNc1nc(C#N)nc(Nc2ccccc2)n1,active,268.324,2.55478,2.0,6.0,6.050609993355087
321,CHEMBL566067,CCCCNc1nc(C#N)nc(Nc2ccccc2)n1,active,268.324,2.698880000000001,2.0,6.0,6.050609993355087
322,CHEMBL567137,N#Cc1nc(NCCCCO)nc(Nc2ccccc2)n1,active,284.32300000000004,1.6712799999999997,3.0,7.0,6.050609993355087
323,CHEMBL567354,CNc1nc(C#N)nc(Nc2ccccc2)n1,intermediate,226.24300000000002,1.5285799999999998,2.0,6.0,5.8996294548824375
324,CHEMBL578161,N#Cc1nc(Nc2ccccc2)nc(NC2CCCCC2)n1,intermediate,294.3620000000001,3.2314800000000012,2.0,6.0,5.85078088734462
325,CHEMBL567769,N#Cc1nc(NCCO)nc(Nc2ccccc2)n1,intermediate,256.269,0.8910799999999999,3.0,7.0,5.801342913045577
326,CHEMBL567783,N#Cc1nc(Nc2cccc([N+](=O)[O-])c2)nc(NC2CCCC2)n1,active,325.33200000000016,2.749580000000001,2.0,8.0,7.200659450546418
327,CHEMBL567784,N#Cc1nc(Nc2cccc(F)c2)nc(NC2CCCC2)n1,active,298.3250000000001,2.980480000000001,2.0,6.0,7.102372908709558
328,CHEMBL567785,N#Cc1nc(Nc2cccc(Cl)c2)nc(NC2CCCC2)n1,active,314.7800000000002,3.4947800000000013,2.0,6.0,7.102372908709558
329,CHEMBL566924,N#Cc1nc(Nc2cccc(Br)c2)nc(NC2CCCC2)n1,active,359.23100000000017,3.603880000000002,2.0,6.0,7.0
330,CHEMBL567147,N#Cc1nc(Nc2ccc(F)cc2)nc(NC2CCCC2)n1,active,298.3250000000001,2.980480000000001,2.0,6.0,6.899629454882437
331,CHEMBL576648,Cc1cccc(Nc2nc(C#N)nc(NC3CCCC3)n2)c1,active,294.362,3.1498000000000017,2.0,6.0,6.899629454882437
332,CHEMBL566903,N#Cc1nc(Nc2ccc(Br)cc2)nc(NC2CCCC2)n1,intermediate,359.23100000000017,3.603880000000001,2.0,6.0,5.950007143079858
333,CHEMBL566273,N#Cc1nc(Nc2cccc(-c3ccccc3)c2)nc(NC2CCCC2)n1,intermediate,356.4330000000002,4.5083800000000025,2.0,6.0,5.64994590642097
334,CHEMBL568171,N#Cc1nc(Nc2cc(F)cc(F)c2)nc(NC2CCCC2)n1,active,316.31500000000017,3.119580000000001,2.0,6.0,7.200659450546418
335,CHEMBL568172,N#Cc1nc(Nc2cc(Cl)cc(Cl)c2)nc(NC2CCCC2)n1,active,349.22500000000014,4.148180000000002,2.0,6.0,6.400116927926312
336,CHEMBL567340,N#Cc1nc(NCC(F)F)nc(Nc2cc(F)cc(F)c2)n1,active,312.23,2.44208,2.0,6.0,7.6020599913279625
337,CHEMBL567341,CCn1cnc2c(Nc3cc(F)cc(F)c3)nc(C#N)nc21,active,300.27200000000005,2.73968,1.0,6.0,8.0
338,CHEMBL578159,N#Cc1nc(Nc2cc(F)cc(F)c2)c2ncn(CC(F)F)c2n1,active,336.252,2.9848800000000004,1.0,6.0,7.886056647693163
339,CHEMBL567142,N#Cc1nc(Nc2cc(F)cc(F)c2)c2ncn(C3CCCC3)c2n1,active,340.33700000000016,3.834880000000002,1.0,6.0,7.7447274948966935
340,CHEMBL577121,CCn1cnc2c(Nc3cccc(Cl)c3)nc(C#N)nc21,active,298.7370000000001,3.114880000000001,1.0,6.0,7.7447274948966935
341,CHEMBL578162,N#Cc1nc(Nc2cccc(Cl)c2)c2ncn(C3CCCC3)c2n1,active,338.8020000000002,4.210080000000002,1.0,6.0,7.3979400086720375
342,CHEMBL567786,N#Cc1nc(NCC(F)F)c2ncn(-c3cc(F)cc(F)c3)c2n1,active,336.252,2.64238,1.0,6.0,7.301029995663981
343,CHEMBL566904,CCNc1nc(C#N)nc2c1ncn2-c1cccc(Cl)c1,active,298.737,2.772380000000001,1.0,6.0,7.200659450546418
344,CHEMBL566905,N#Cc1nc(NCC(F)F)c2ncn(-c3cccc(Cl)c3)c2n1,active,334.7170000000001,3.0175800000000015,1.0,6.0,7.1487416512809245
345,CHEMBL567134,CCNc1nc(C#N)nc2c1ncn2-c1cc(F)cc(F)c1,active,300.272,2.3971800000000005,1.0,6.0,6.600326278518962
346,CHEMBL585873,N#Cc1nc(NC2CCCC2)c2ncn(-c3cc(F)cc(F)c3)c2n1,active,340.33700000000005,3.319880000000002,1.0,6.0,6.5003129173815966
347,CHEMBL571295,CCOc1nc(C#N)nc(N2CCCCC2)n1,active,233.27499999999995,1.13228,0.0,6.0,7.045757490560675
348,CHEMBL577764,N#Cc1nc(N)nc(N(c2ccccc2)c2ccccc2)n1,active,288.3140000000001,2.795280000000001,1.0,6.0,7.154901959985743
349,CHEMBL579273,N#Cc1nc(Nc2cccc(C(F)(F)F)c2)nc(NC2CCCC2)n1,active,348.3320000000001,3.8601800000000015,2.0,6.0,7.3979400086720375
350,CHEMBL1078675,Cc1nc(-c2ccccc2)sc1C(=O)N[C@H](/C=C/S(=O)(=O)c1ccccc1)CCc1ccccc1,inactive,502.66100000000023,5.837320000000005,1.0,5.0,5.0
351,CHEMBL1078778,Cc1nc(-c2cccnc2)sc1C(=O)N[C@H](/C=C/S(=O)(=O)c1ccccc1)CCc1ccccc1,intermediate,503.6490000000002,5.232320000000005,1.0,6.0,5.698970004336019
352,CHEMBL1078779,Cc1nc(-c2cnccn2)sc1C(=O)N[C@H](/C=C/S(=O)(=O)c1ccccc1)CCc1ccccc1,active,504.6370000000002,4.627320000000004,1.0,7.0,6.0
353,CHEMBL1078855,O=C(N[C@H](/C=C/S(=O)(=O)c1ccccc1)CCc1ccccc1)c1cc(-c2ccccc2)no1,intermediate,472.56600000000014,5.060400000000005,1.0,5.0,5.698970004336019
354,CHEMBL1078981,O=C(N[C@H](/C=C/S(=O)(=O)c1ccccc1)CCc1ccccc1)c1cc(-c2ccncc2)no1,intermediate,473.55400000000014,4.455400000000004,1.0,6.0,5.301029995663981
355,CHEMBL1079067,O=C(N[C@H](/C=C/S(=O)(=O)c1ccccc1)CCc1ccccc1)c1cc(-c2cccnc2)no1,active,473.55400000000014,4.455400000000004,1.0,6.0,6.0
356,CHEMBL1079068,O=C(N[C@H](/C=C/S(=O)(=O)c1ccccc1)CCc1ccccc1)c1cc(-c2ccccn2)no1,intermediate,473.55400000000014,4.455400000000004,1.0,6.0,5.221848749616356
357,CHEMBL1079162,O=C(N[C@H](/C=C/S(=O)(=O)c1ccccc1)CCc1ccccc1)[C@@H]1CCCC[C@H]1C(=O)c1ccc(Cl)cc1,active,550.1200000000003,6.434300000000007,1.0,4.0,7.301029995663981
358,CHEMBL1079105,O=C(N[C@H](/C=C/S(=O)(=O)c1ccccc1)CCc1ccccc1)[C@H]1CCCC[C@@H]1C(=O)c1ccc(Cl)cc1,inactive,550.1200000000003,6.434300000000007,1.0,4.0,4.0
359,CHEMBL118,Cc1ccc(-c2cc(C(F)(F)F)nn2-c2ccc(S(N)(=O)=O)cc2)cc1,inactive,381.3790000000001,3.5139200000000006,1.0,4.0,3.3979400086720375
360,CHEMBL43064,C(=C/c1ccccc1)\CN1CCN(C(c2ccccc2)c2ccccc2)CC1,inactive,368.5240000000001,5.1070000000000055,0.0,2.0,3.5228787452803374
361,CHEMBL929,CC(C)Nc1cccnc1N1CCN(C(=O)c2cc3cc(NS(C)(=O)=O)ccc3[nH]2)CC1.CS(=O)(=O)O,inactive,456.5720000000002,2.7171000000000003,3.0,6.0,3.6989700043360187
362,CHEMBL1083385,COC(=O)[C@H](c1ccccc1Cl)N1CCc2sccc2C1.O=S(=O)(O)O,inactive,321.829,3.6739000000000024,0.0,4.0,3.5228787452803374
363,CHEMBL308954,Cc1cc(C#N)cc(C)c1Oc1nc(Nc2ccc(C#N)cc2)nc(N)c1Br,inactive,435.2850000000001,4.717400000000002,2.0,7.0,3.6989700043360187
364,CHEMBL672,CC(C)OC(=O)C(C)(C)Oc1ccc(C(=O)c2ccc(Cl)cc2)cc1,inactive,360.837,4.680000000000004,0.0,4.0,3.3010299956639813
365,CHEMBL1085699,COC(=O)C1=C(C)NC(C)=C(C(=O)OCCN2CCN(C(c3ccccc3)c3ccccc3)CC2)C1c1cccc([N+](=O)[O-])c1,inactive,610.7110000000002,4.953000000000005,1.0,9.0,4.0
366,CHEMBL64391,CCC(C)n1ncn(-c2ccc(N3CCN(c4ccc(OCC5COC(Cn6cncn6)(c6ccc(Cl)cc6Cl)O5)cc4)CC3)cc2)c1=O,inactive,705.6470000000002,5.5773000000000055,0.0,12.0,3.6989700043360187
367,CHEMBL1085765,Cc1cccc(CN2CCN(C(c3ccccc3)c3ccc(Cl)cc3)CC2)c1.Cl,inactive,390.9580000000002,5.555620000000006,0.0,2.0,3.6020599913279625
368,CHEMBL259223,CC(C)=CCC/C(C)=C/CC/C(C)=C/CC/C(C)=C/CC1=C(C)C(=O)c2ccccc2C1=O,inactive,444.6590000000002,8.917900000000001,0.0,2.0,3.6989700043360187
369,CHEMBL1084541,Cc1c(C)c2c(c(C)c1OC(=O)c1cccnc1)CC[C@@](C)(CCC[C@H](C)CCC[C@H](C)CCCC(C)C)O2,inactive,535.8130000000006,9.748859999999997,0.0,4.0,3.3979400086720375
370,CHEMBL584,Cc1c(O)cccc1C(=O)N[C@@H](CSc1ccccc1)[C@H](O)CN1C[C@H]2CCCC[C@H]2C[C@H]1C(=O)NC(C)(C)C,inactive,567.7960000000003,4.747620000000004,4.0,6.0,3.5228787452803374
371,CHEMBL1086440,CSc1nc2cc(Cl)c(Oc3cccc(Cl)c3Cl)cc2[nH]1,inactive,359.665,6.037300000000002,1.0,3.0,3.6989700043360187
372,CHEMBL1083993,CCCCc1oc2ccccc2c1C(=O)c1cc(I)c(OCCN(CC)CC)c(I)c1.Cl,inactive,645.3190000000002,6.936200000000007,0.0,4.0,3.6861327796308467
373,CHEMBL1014,CCOc1nc2cccc(C(=O)OC(C)OC(=O)OC3CCCCC3)c2n1Cc1ccc(-c2ccccc2-c2nn[nH]n2)cc1,inactive,610.6710000000002,6.319100000000007,1.0,11.0,3.774690718274137
374,CHEMBL1713,CN(C)CCCN1c2ccccc2Sc2ccc(Cl)cc21.Cl,inactive,318.8730000000001,4.894400000000004,0.0,3.0,3.5466816599529625
375,CHEMBL1292,CC(C)/N=c1\cc2n(-c3ccc(Cl)cc3)c3ccccc3nc-2cc1Nc1ccc(Cl)cc1,inactive,473.40700000000015,7.489800000000005,1.0,4.0,4.3979400086720375
376,CHEMBL939,COc1cc2ncnc(Nc3ccc(F)c(Cl)c3)c2cc1OCCCN1CCOCC1,inactive,446.9100000000004,4.275600000000003,1.0,7.0,3.8297382846050425
377,CHEMBL941,Cc1ccc(NC(=O)c2ccc(CN3CCN(C)CC3)cc2)cc1Nc1nccc(-c2cccnc2)n1,inactive,493.6150000000002,4.590320000000004,2.0,7.0,3.5272435506827877
378,CHEMBL405110,CN(C)c1ccc2nc3ccc(=[N+](C)C)cc-3sc2c1.[Cl-],inactive,284.408,2.498900000000001,0.0,3.0,4.070581074285707
379,CHEMBL21333,O=C(Nc1cccc2c(=O)cc(-c3nn[nH]n3)oc12)c1ccc(OCCCCc2ccccc2)cc1,inactive,481.51200000000034,4.627100000000003,2.0,7.0,4.167491087293763
380,CHEMBL1173325,CC(NC(=O)c1ccccc1Cl)C(=O)OC(C(=O)Nc1cc(C(F)(F)F)ccc1Cl)c1ccccc1,inactive,539.3370000000001,6.0537000000000045,2.0,4.0,4.958607314841775
381,CHEMBL1171857,Cc1cc(C(=O)NCC(=O)OC(C(=O)Nc2cc(C(F)(F)F)ccc2Cl)c2ccccc2)ccc1[N+](=O)[O-],active,549.8890000000001,5.228420000000003,2.0,6.0,6.3979400086720375
382,CHEMBL1172020,Cc1cc(NC(=O)COC(=O)C(Cc2ccccc2)NC(=O)c2ccco2)no1,inactive,397.3870000000001,2.0990199999999994,2.0,7.0,4.42021640338319
383,CHEMBL1172021,COc1ccc(Cl)cc1NC(=O)COC(=O)C(CC(C)C)N1C(=O)C2CC=CCC2C1=O,active,462.9300000000003,3.196200000000001,1.0,6.0,6.0
384,CHEMBL1172022,CC(C)C(NC(=O)c1ccco1)C(=O)NCC(c1ccco1)N1CCCCC1,intermediate,387.48000000000025,2.9704000000000015,2.0,5.0,5.154901959985743
385,CHEMBL1172971,Cc1ccccc1OCC(=O)NCC(=O)OCC(=O)c1ccc2ccccc2c1,active,391.42300000000006,3.069320000000002,1.0,5.0,6.154901959985743
386,CHEMBL1172972,O=C(CNC(=O)c1ccc(Cl)cc1)OCC(=O)c1ccc2c(c1)OCCO2,active,389.79100000000017,2.2671,1.0,6.0,6.301029995663981
387,CHEMBL1173672,O=C(CNC(=O)c1ccccc1)OC(C(=O)Nc1cc(C(F)(F)F)ccc1Cl)c1ccccc1,active,490.86500000000007,5.011800000000004,2.0,4.0,6.522878745280337
388,CHEMBL1173673,COCCn1c(C)cc(C(=O)COC(=O)CNC(=O)c2ccccc2)c1C,inactive,372.42100000000005,1.9072399999999992,1.0,6.0,4.7447274948966935
389,CHEMBL1173691,Cc1cc(NC(=O)COC(=O)C(Cc2c[nH]c3ccccc23)NC(=O)c2ccc(F)cc2)no1,intermediate,464.45300000000015,3.1264200000000013,3.0,6.0,5.522878745280337
390,CHEMBL1173692,O=C(CNC(=O)c1ccc(Cl)cc1)OC(C(=O)Nc1ccc(Cl)cc1C(F)(F)F)c1ccccc1,active,525.3100000000001,5.665200000000003,2.0,4.0,6.154901959985743
391,CHEMBL1231476,O=S(=O)(Cc1ccccc1)NCB(O)O,inactive,229.06600000000003,-0.8819999999999999,3.0,4.0,3.3010299956639813
392,CHEMBL1231477,O=C(O)c1ccc(CS(=O)(=O)NCB(O)O)cc1,inactive,273.075,-1.1837999999999997,4.0,5.0,3.3010299956639813
393,CHEMBL1276253,CC1S/C(=N/N=C/CCSc2ccc(Cl)cc2)NC1=O,active,327.862,3.4155000000000015,1.0,5.0,6.698970004336019
394,CHEMBL1276301,Cc1ccc(SC/C=N/N=C2\NC(=O)C(C)S2)cc1,inactive,293.41700000000003,2.6804200000000007,1.0,5.0,4.690369832574101
395,CHEMBL1276198,CC1S/C(=N/N=C/CCSc2ccccc2)NC1=O,active,293.41700000000003,2.7621,1.0,5.0,6.3979400086720375
396,CHEMBL1275672,CC1S/C(=N/N=C/CCSc2ccccc2)NC1=S,active,309.485,3.5629000000000017,1.0,5.0,7.221848749616356
397,CHEMBL195454,CC(C)C[C@H](N[C@@H](c1ccc(-c2ccc(N3CCNCC3)cc2)cc1)C(F)(F)F)C(=O)NCC#N,active,487.57000000000016,4.0106800000000025,3.0,5.0,8.744727494896694
398,CHEMBL1289440,CC(C)(F)C[C@H](N[C@@H](c1ccc(-c2ccc(S(C)(=O)=O)cc2)cc1)C(F)(F)F)C(=O)N[C@H](C#N)Cc1ccccc1,active,589.6550000000002,5.707980000000005,2.0,5.0,8.096910013008056
399,CHEMBL1289441,CC(C)(F)C[C@H](N[C@@H](c1ccc(-c2ccc(S(C)(=O)=O)cc2)cc1)C(F)(F)F)C(=O)NCC#N,active,499.5300000000002,4.096680000000003,2.0,5.0,6.73754891026957
400,CHEMBL1289553,CC(C)(F)C[C@H](N[C@@H](c1ccc(-c2ccc(S(C)(=O)=O)cc2)cc1)C(F)(F)F)C(=O)N[C@H](C#N)CC(F)(F)F,active,581.5540000000003,5.417680000000005,2.0,5.0,6.886056647693163
401,CHEMBL1288521,CC(C)(F)C[C@H](N[C@@H](c1ccc(-c2ccc(S(C)(=O)=O)cc2)cc1)C(F)(F)F)C(=O)N[C@H](C#N)CCc1ccccc1,active,603.6820000000001,6.098080000000006,2.0,5.0,6.292429823902063
402,CHEMBL1288522,CC(C)(F)C[C@H](N[C@@H](c1ccc(-c2ccc(S(C)(=O)=O)cc2)cc1)C(F)(F)F)C(=O)N[C@H](C#N)C1(c2ccccc2)CC1,inactive,615.6930000000001,6.197080000000006,2.0,5.0,5.0
403,CHEMBL1289660,CC(C)(F)C[C@H](N[C@@H](c1ccc(-c2ccc(S(C)(=O)=O)cc2)cc1)C(F)(F)F)C(=O)N[C@H](C#N)Cc1ccncc1,active,590.6430000000001,5.102980000000004,2.0,6.0,8.221848749616356
404,CHEMBL1288523,CC(C)(F)C[C@H](N[C@@H](c1ccc(-c2ccc(S(C)(=O)=O)cc2)cc1)C(F)(F)F)C(=O)N[C@H](C#N)Cc1ccc(C#N)cc1F,active,632.6550000000001,5.718760000000005,2.0,6.0,9.0
405,CHEMBL1288524,CC(C)(F)C[C@H](N[C@@H](c1ccc(-c2ccc(S(C)(=O)=O)cc2)cc1)C(F)(F)F)C(=O)N[C@@H](C#N)Cc1ccc(C#N)cc1F,active,632.6550000000001,5.718760000000005,2.0,6.0,7.769551078621726
406,CHEMBL1288525,CC(C)(F)C[C@H](N[C@@H](c1ccc(-c2ccc(C3(C(N)=O)CC3)cc2)cc1)C(F)(F)F)C(=O)N[C@H](C#N)Cc1ccccc1,active,594.6530000000001,5.821380000000005,3.0,4.0,8.522878745280337
407,CHEMBL1288526,CC(C)(F)C[C@H](N[C@@H](c1ccc(-c2ccc(C3(C(=O)N4CCOCC4)CC3)cc2)cc1)C(F)(F)F)C(=O)N[C@H](C#N)Cc1ccccc1,active,664.7440000000001,6.194880000000006,2.0,5.0,8.522878745280337
408,CHEMBL1288527,CC(C)(F)C[C@H](N[C@@H](c1ccc(-c2ccc([C@@H](O)C(F)F)cc2)cc1)C(F)(F)F)C(=O)N[C@H](C#N)Cc1ccccc1,active,591.596,6.602980000000007,3.0,4.0,8.096910013008056
409,CHEMBL1288528,CC(C)(F)C[C@H](N[C@@H](c1ccc(-c2ccc(-c3ccncc3)cc2)cc1)C(F)(F)F)C(=O)N[C@H](C#N)Cc1ccccc1,active,588.6490000000001,7.366480000000007,2.0,4.0,8.096910013008056
410,CHEMBL1289764,CC(C)(F)C[C@H](N[C@@H](c1ccc(-c2cn[nH]c2)cc1)C(F)(F)F)C(=O)N[C@H](C#N)Cc1ccccc1,active,501.5280000000002,5.027580000000003,3.0,4.0,7.481486060122112
411,CHEMBL399361,CC(C)C[C@H](N[C@@H](c1ccc(-c2ccc(S(C)(=O)=O)cc2)cc1)C(F)(F)F)C(=O)N[C@H](C#N)Cc1ccccc1,active,571.6650000000002,5.615880000000005,2.0,5.0,9.698970004336019
412,CHEMBL1289988,CS(=O)(=O)c1ccc(-c2ccc([C@H](N[C@@H](CC3CC3)C(=O)N[C@H](C#N)Cc3ccccc3)C(F)(F)F)cc2)cc1,active,569.6490000000003,5.369880000000005,2.0,5.0,7.795880017344075
413,CHEMBL1290084,CS(=O)(=O)c1ccc(-c2ccc([C@H](N[C@@H](CC(Cl)Cl)C(=O)N[C@H](C#N)Cc3ccccc3)C(F)(F)F)cc2)cc1,active,612.5010000000003,5.763580000000005,2.0,5.0,10.0
414,CHEMBL1288529,CS(=O)(=O)c1ccc(-c2ccc([C@H](N[C@@H](Cc3ccccc3)C(=O)N[C@H](C#N)Cc3ccccc3)C(F)(F)F)cc2)cc1,active,605.6820000000004,5.812480000000005,2.0,5.0,8.154901959985743
415,CHEMBL1290191,CC(C)[C@H](N[C@@H](c1ccc(-c2ccc(S(C)(=O)=O)cc2)cc1)C(F)(F)F)C(=O)N[C@H](C#N)Cc1ccccc1,active,557.6380000000001,5.225780000000005,2.0,5.0,8.698970004336019
416,CHEMBL1290303,CS(=O)(=O)c1ccc(-c2ccc([C@H](N[C@H](C(=O)N[C@H](C#N)Cc3ccccc3)C3CC3)C(F)(F)F)cc2)cc1,active,555.6220000000003,4.979780000000004,2.0,5.0,8.154901959985743
417,CHEMBL1290418,CC(C)(C)[C@H](N[C@@H](c1ccc(-c2ccc(S(C)(=O)=O)cc2)cc1)C(F)(F)F)C(=O)N[C@H](C#N)Cc1ccccc1,active,571.6650000000002,5.615880000000005,2.0,5.0,6.42021640338319
418,CHEMBL1288530,CC(C)[C@H](N[C@@H](c1ccc(-c2ccc(S(C)(=O)=O)cc2)cc1)C(F)(F)F)C(=O)N[C@H](C#N)Cc1ccc(C#N)cc1F,active,600.638,5.236560000000004,2.0,6.0,9.698970004336019
419,CHEMBL1288531,CC(C)[C@H](N[C@@H](c1ccc(-c2ccc(C3(C(N)=O)CC3)cc2)cc1)C(F)(F)F)C(=O)N[C@H](C#N)Cc1ccc(C#N)cc1F,active,605.6360000000001,5.349960000000004,3.0,5.0,9.698970004336019
420,CHEMBL1288532,CC(C)[C@H](N[C@@H](c1ccc(-c2ccc([C@@H](O)C(F)F)cc2)cc1)C(F)(F)F)C(=O)N[C@H](C#N)Cc1ccc(C#N)cc1F,active,602.5790000000001,6.131560000000006,3.0,5.0,9.397940008672037
421,CHEMBL2042780,O=C(/C=C/c1ccccc1)N/N=C/c1ccccc1O,inactive,266.3,2.555700000000001,2.0,3.0,4.282329496997738
422,CHEMBL2042788,O=C(/C=C/c1ccc2c(c1)OCO2)N/N=C/c1ccccc1O,inactive,310.309,2.2844,2.0,5.0,4.126098402135539
423,CHEMBL2042791,COc1cc(/C=N/NC(=O)/C=C/c2cc(OC)c(OC)c(OC)c2)cc([N+](=O)[O-])c1O,inactive,431.40100000000024,2.498300000000001,2.0,9.0,4.338187314462739
424,CHEMBL2042792,COc1cc(/C=C/C(=O)N/N=C/c2ccccc2O)cc([N+](=O)[O-])c1OC,inactive,371.34900000000016,2.4811000000000005,2.0,7.0,4.0762380391713
425,CHEMBL2042793,COc1cc(/C=N/NC(=O)/C=C/c2cc(OC)c(OC)c([N+](=O)[O-])c2)cc([N+](=O)[O-])c1O,inactive,446.37200000000024,2.3979000000000004,2.0,10.0,4.349692476868063
426,CHEMBL2042797,O=C(CCc1ccccc1)N/N=C/c1ccccc1O,inactive,268.31600000000003,2.4751000000000007,2.0,3.0,4.0
427,CHEMBL507837,O=C(/C=C/c1ccc2c(c1)OCO2)c1ccc(Br)cc1,inactive,331.16499999999996,4.073900000000002,0.0,3.0,4.698970004336019
428,CHEMBL2042801,COc1ccc2cc(O)c(C(=O)N/N=C/c3c(O)ccc4ccccc34)cc2c1,active,386.4070000000001,4.176700000000002,3.0,5.0,6.221848749616356
429,CHEMBL2158234,O=C(N/N=C/c1ccc2c(c1)OCO2)c1nc(-c2ccc(Br)cc2)no1,active,415.203,2.9917000000000016,1.0,7.0,7.522878745280337
430,CHEMBL2158133,COc1cc(/C=N/NC(=O)c2nc(-c3ccc(Br)cc3)no2)ccc1O,active,417.2190000000001,2.977200000000001,2.0,7.0,6.698970004336019
431,CHEMBL2158132,COc1cc(/C=N/NC(=O)c2nc(-c3ccc(Cl)cc3)no2)ccc1O,active,372.7680000000001,2.8681000000000005,2.0,7.0,7.3979400086720375
432,CHEMBL2180349,C/C(COc1ccccc1)=N\Nc1nc(-c2ccccc2)cs1,inactive,323.421,4.6769000000000025,1.0,5.0,4.698970004336019
433,CHEMBL2180669,CCC1S/C(=N/N=C(\C)COc2ccccc2)N(C)C1=O,inactive,305.4030000000001,2.7811000000000012,0.0,5.0,4.496209316942819
434,CHEMBL2180665,C/C(COc1ccccc1)=N\N=C1/NC(=O)C(C(C)C)S1,inactive,305.403,2.6849000000000007,1.0,5.0,4.723538195826756
435,CHEMBL2180345,CCC1S/C(=N/N=C(\C)COc2ccccc2)NC1=S,inactive,307.444,3.239700000000001,1.0,5.0,4.728158393463501
436,CHEMBL2180346,CCC1S/C(=N/N=C(\C)COc2ccccc2)N(c2ccc(C)cc2)C1=O,inactive,381.50100000000015,4.6643200000000045,0.0,5.0,4.928117992693875
437,CHEMBL2180340,C/C(COc1ccccc1)=N\N=C1\SC(C)C(=O)N1c1ccccc1,inactive,353.44700000000006,3.9658000000000024,0.0,5.0,4.966576244513051
438,CHEMBL2180339,C/C(COc1ccccc1)=N\N=C1\SCC(=O)N1c1ccccc1,inactive,339.42,3.577300000000002,0.0,5.0,4.991399828238082
439,CHEMBL2180341,CCC1S/C(=N/N=C(\C)COc2ccccc2)N(c2ccccc2)C1=O,intermediate,367.4740000000001,4.355900000000004,0.0,5.0,5.022276394711152
440,CHEMBL2180347,CCC1S/C(=N/N=C(\C)COc2ccccc2)N(c2ccc(OC)cc2)C1=O,intermediate,397.50000000000017,4.364500000000003,0.0,6.0,5.060480747381382
441,CHEMBL2180670,C/C(COc1ccccc1)=N\N=C1\SC(C(C)C)C(=O)N1C,intermediate,319.43000000000006,3.0271000000000017,0.0,5.0,5.096910013008056
442,CHEMBL2180344,C/C(COc1ccccc1)=N\N=C1\SC(c2ccccc2)C(=S)N1c1ccccc1,intermediate,431.58600000000007,6.119400000000005,0.0,5.0,5.154901959985743
443,CHEMBL2180342,C/C(COc1ccccc1)=N\N=C1\SC(C(C)C)C(=O)N1c1ccccc1,intermediate,381.5010000000001,4.601900000000004,0.0,5.0,5.180456064458132
444,CHEMBL151,O=c1cc(-c2ccc(O)c(O)c2)oc2cc(O)cc(O)c12,inactive,286.23900000000003,2.2824000000000004,4.0,6.0,3.8077113874318798
445,CHEMBL44,O=c1c(-c2ccc(O)cc2)coc2cc(O)cc(O)c12,inactive,270.24,2.576800000000001,3.0,5.0,3.3979400086720375
446,CHEMBL2402108,O=C(NC(=S)Nc1ccc(O)cc1)c1sc2ccccc2c1Cl,inactive,362.86300000000006,4.387100000000001,3.0,4.0,5.0
447,CHEMBL2402105,CSc1cccc(NC(=O)Nc2sc3ccccc3c2Cl)c1,inactive,348.88,5.920600000000003,2.0,3.0,5.0
448,CHEMBL2402104,CCCc1c(NC(=O)Nc2ccc(OC(F)(F)F)cc2)cnn1-c1ccc(Cl)cc1,inactive,438.8370000000001,6.020800000000004,2.0,4.0,5.0
449,CHEMBL2402106,CS(=O)(=O)c1sc(C(=O)NC(=S)Nc2ccc(OC(F)(F)F)cc2)c2ccccc12,intermediate,474.5070000000001,4.330200000000002,2.0,6.0,5.161150909262744
450,CHEMBL2402109,O=C(NC(=S)Nc1ncccc1OCc1ccccc1)c1cccn1S(=O)(=O)c1ccccc1,intermediate,492.58200000000016,3.8259000000000025,2.0,7.0,5.522878745280337
451,CHEMBL2402102,Cn1nc(C(F)(F)F)cc1-c1ccc(NC(=O)Nc2cccc(C(F)(F)F)c2)s1,intermediate,434.36500000000007,5.830200000000002,2.0,4.0,5.508638306165727
452,CHEMBL2402107,CCOC(=O)c1ccc(NC(=S)NC(=O)c2ccc(Cl)c(Cl)c2)cc1,intermediate,397.28300000000013,4.296900000000003,2.0,4.0,5.721246399047171
453,CHEMBL2402103,O=C(Nc1ccc(Cl)cc1)Nc1csc(-c2ccc(C(F)(F)F)cc2)n1,intermediate,397.809,6.126300000000003,2.0,3.0,5.920818753952375
454,CHEMBL1572619,O=C(COc1ccccc1)NCCc1nc2ccccc2[nH]1,inactive,295.342,2.3005999999999998,2.0,3.0,4.962573502059376
455,CHEMBL3233081,O=C(COc1ccccc1F)NCCc1nc2ccccc2[nH]1,intermediate,313.33199999999994,2.4397,2.0,3.0,5.275724130399211
456,CHEMBL3233082,O=C(COc1ccccc1Cl)NCCc1nc2ccccc2[nH]1,intermediate,329.787,2.9540000000000006,2.0,3.0,5.522878745280337
457,CHEMBL1173694,O=C(COc1ccccc1Br)NCCc1nc2ccccc2[nH]1,active,374.23800000000006,3.0631000000000013,2.0,3.0,6.096910013008056
458,CHEMBL3233083,O=C(COc1ccccc1I)NCCc1nc2ccccc2[nH]1,intermediate,421.2380000000001,2.9052000000000007,2.0,3.0,5.795880017344075
459,CHEMBL3233084,N#Cc1ccccc1OCC(=O)NCCc1nc2ccccc2[nH]1,inactive,320.352,2.1722799999999998,2.0,4.0,4.186419011431808
460,CHEMBL3233085,O=C(COc1ccccc1[N+](=O)[O-])NCCc1nc2ccccc2[nH]1,inactive,340.339,2.2087999999999997,2.0,5.0,4.87942606879415
461,CHEMBL1346687,Cc1ccccc1OCC(=O)NCCc1nc2ccccc2[nH]1,intermediate,309.36899999999997,2.60902,2.0,3.0,5.3872161432802645
462,CHEMBL3233088,O=C(COc1cccc(Br)c1)NCCc1nc2ccccc2[nH]1,active,374.23800000000006,3.0631000000000004,2.0,3.0,6.096910013008056
463,CHEMBL3233089,O=C(COc1ccc(Br)cc1)NCCc1nc2ccccc2[nH]1,intermediate,374.23800000000006,3.0631000000000004,2.0,3.0,5.568636235841013
464,CHEMBL3233090,O=C(COc1cccc2ccccc12)NCCc1nc2ccccc2[nH]1,intermediate,345.40200000000004,3.453800000000001,2.0,3.0,5.2839966563652006
465,CHEMBL3233091,O=C(COc1ccc2ccccc2c1)NCCc1nc2ccccc2[nH]1,intermediate,345.40200000000004,3.453800000000001,2.0,3.0,5.522878745280337
466,CHEMBL3233092,O=Cc1c(OCC(=O)NCCc2nc3ccccc3[nH]2)ccc2ccccc12,inactive,373.41200000000003,3.266300000000001,2.0,4.0,4.8696662315049934
467,CHEMBL3233093,O=C(COc1ccc2ccccc2c1CO)NCCc1nc2ccccc2[nH]1,inactive,375.4280000000001,2.9461000000000004,3.0,4.0,4.896196279044043
468,CHEMBL3233094,O=C(COc1ccc2ccccc2c1O)NCCc1nc2ccccc2[nH]1,intermediate,361.40100000000007,3.1594000000000007,3.0,4.0,5.086186147616283
469,CHEMBL3233095,O=C(COc1ccc2ccccc2c1Br)NCCc1nc2ccccc2[nH]1,active,424.2980000000001,4.216300000000002,2.0,3.0,6.6777807052660805
470,CHEMBL3233096,O=C(CCc1ccccc1Br)NCCc1nc2ccccc2[nH]1,inactive,372.266,3.616900000000002,2.0,2.0,4.110698297493689
471,CHEMBL3233097,O=C(CSc1ccccc1)NCCc1nc2ccccc2[nH]1,inactive,311.40999999999997,3.0139000000000014,2.0,3.0,4.4156687756324695
472,CHEMBL3233115,C=CCCn1c(CCNC(=O)COc2ccccc2Cl)nc2ccccc21,inactive,383.8790000000001,4.0035000000000025,1.0,4.0,4.621602099051862
473,CHEMBL3233116,CC(=O)n1c(CCNC(=O)COc2ccc(Br)cc2)nc2ccccc21,intermediate,416.27500000000003,3.196600000000001,1.0,5.0,5.00436480540245
474,CHEMBL3233118,O=C(COc1ccc2ccccc2c1Br)NCCc1nc2cc(Cl)ccc2[nH]1,active,458.7430000000001,4.869700000000003,2.0,3.0,6.221848749616356
475,CHEMBL3233119,COc1ccc2[nH]c(CCNC(=O)COc3ccc4ccccc4c3Br)nc2c1,active,454.32400000000007,4.224900000000003,2.0,4.0,6.267606240177032
476,CHEMBL3233120,Cc1ccc2[nH]c(CCNC(=O)COc3ccc4ccccc4c3Br)nc2c1,active,438.3250000000001,4.524720000000003,2.0,3.0,6.2076083105017466
477,CHEMBL3291135,Cc1c(/C=N/NC(=O)c2ccc([N+](=O)[O-])cc2)no[n+]1[O-],inactive,291.22300000000007,0.28852000000000005,1.0,7.0,4.950781977329818
478,CHEMBL3291142,O=C(N/N=C/c1c(-c2ccccc2)no[n+]1[O-])c1ccc([N+](=O)[O-])cc1,inactive,353.2940000000001,1.6471,1.0,7.0,4.82102305270683
479,CHEMBL3329473,Cc1ccc(SCC/C=N/NC2=NC(=O)C(C)S2)cc1,inactive,307.444,3.070520000000001,1.0,5.0,4.690369832574101
480,CHEMBL3329474,CC1SC(N/N=C/CCCSc2ccccc2)=NC1=O,active,307.444,3.1522000000000014,1.0,5.0,6.3979400086720375
481,CHEMBL3329506,Brc1ccc(-c2csc(N/N=C/c3ccccn3)n2)cc1,intermediate,359.252,4.413600000000003,1.0,5.0,5.022276394711152
482,CHEMBL3329513,O=[N+]([O-])c1cccc(-c2csc(N/N=C/c3ccccn3)n2)c1,intermediate,325.353,3.559300000000002,1.0,7.0,5.886056647693163
483,CHEMBL2409542,C/C(=N\Nc1nc(-c2ccccc2)cs1)c1ccccn1,intermediate,294.38300000000004,4.041200000000003,1.0,5.0,5.886056647693163
484,CHEMBL3329515,C/C(=N\Nc1nc(-c2ccc(C)cc2)cs1)c1ccccn1,active,308.41,4.349620000000003,1.0,5.0,6.3979400086720375
485,CHEMBL3329518,C/C(=N\Nc1nc(-c2ccc(F)cc2)cs1)c1ccccn1,active,312.373,4.180300000000003,1.0,5.0,6.522878745280337
486,CHEMBL3329519,COc1ccc(-c2csc(N/N=C(\C)c3ccccn3)n2)cc1,active,324.409,4.049800000000003,1.0,6.0,7.3979400086720375
487,CHEMBL3329520,C/C(=N\Nc1nc(-c2ccc(Cl)cc2Cl)cs1)c1ccccn1,intermediate,363.273,5.3480000000000025,1.0,5.0,5.318758762624412
488,CHEMBL3329521,C/C(=N\Nc1nc(-c2ccc(Cl)c(Cl)c2)cs1)c1ccccn1,active,363.273,5.3480000000000025,1.0,5.0,6.3979400086720375
489,CHEMBL3329524,C/C(=N\Nc1nc(-c2ccc3ccccc3c2)cs1)c1ccccn1,active,344.44300000000004,5.194400000000003,1.0,5.0,8.0
490,CHEMBL3352912,CC1(C)CCc2c(cc(O)c(C(=O)CCc3ccc4c(c3)CC3C(C)(C)CCCC3(C)O4)c2O)O1,intermediate,478.62900000000036,6.5368000000000075,2.0,5.0,5.060480747381382
491,CHEMBL3352911,CC(C)=CCc1cc(CCC(=O)c2c(O)cc3c(c2O)CCC(C)(C)O3)ccc1O,inactive,410.51000000000016,5.2312000000000065,3.0,5.0,4.920818753952375
492,CHEMBL3352910,CC1(C)CCc2cc(CCC(=O)c3c(O)cc4c(c3O)CCC(C)(C)O4)ccc2O1,inactive,410.5100000000002,5.120500000000005,2.0,5.0,4.665546248849069
493,CHEMBL3360923,CC(C)=CCC/C(C)=C\Cc1c(O)cc(O)c(C(=O)CCc2ccc(O)cc2)c1O,intermediate,410.51000000000016,5.559700000000007,4.0,5.0,5.1487416512809245
494,CHEMBL3613569,NC(=S)N/N=C(/COc1ccc(Br)cc1)c1ccc(-c2ccccc2)cc1,active,440.36600000000016,4.732400000000003,2.0,3.0,6.221848749616356
495,CHEMBL3613582,NC(=S)N/N=C(\COc1ccc(F)cc1)c1ccc(Br)cc1,active,382.25800000000004,3.204500000000002,2.0,3.0,6.3979400086720375
496,CHEMBL3613583,NC(=S)N/N=C(\COc1ccc(F)c(Cl)c1)c1ccc(Br)cc1,active,416.70300000000003,3.8579000000000017,2.0,3.0,7.154901959985743
497,CHEMBL3613587,NC(=S)N/N=C(\COc1ccc(Cl)c(Cl)c1)c1ccc(Br)cc1,active,433.1580000000001,4.372200000000002,2.0,3.0,8.096910013008056
498,CHEMBL592646,CCCCC(C(=O)COc1c(F)c(F)cc(F)c1F)n1cc([C@@](C)(NCc2ccc3ncccc3c2)C2CCCC2)nn1,active,597.6569999999998,6.957300000000006,1.0,7.0,7.568636235841013
499,CHEMBL3628592,COCCC(C(=O)COc1c(F)c(F)cc(F)c1F)n1cc([C@@](C)(NCc2ccc3ncccc3c2)C(C)C)nn1,active,573.591,5.2694000000000045,1.0,8.0,6.468521082957745
500,CHEMBL3628591,CC(C)[C@](C)(NCc1ccc2ncccc2c1)c1cn(C(CCS(C)(=O)=O)C(=O)COc2c(F)c(F)cc(F)c2F)nn1,active,621.6570000000003,4.667600000000004,1.0,9.0,6.251811972993799
501,CHEMBL3628590,CCCCC(C(=O)COc1c(F)c(F)cc(F)c1F)n1cc([C@@](C)(NC(=O)c2ccc3ncccc3c2)C(C)C)nn1,intermediate,585.6020000000001,6.063300000000006,1.0,7.0,5.8696662315049934
502,CHEMBL600002,CCCCC(C(=O)COc1c(F)c(F)cc(F)c1F)n1cc([C@@](C)(NCc2ccc3ncccc3c2)C(C)C)nn1,active,571.619,6.423100000000006,1.0,7.0,6.431798275933005
503,CHEMBL3628941,CC(C)[C@](C)(NCc1ccc2occc2c1)c1cn(C(CCS(C)(=O)=O)C(=O)COc2c(F)c(F)cc(F)c2F)nn1,active,610.6300000000003,4.865600000000004,1.0,9.0,6.055517327849832
504,CHEMBL3627733,C[C@@](NCc1ccc2occc2c1)(c1cn(C(CCS(C)(=O)=O)C(=O)COc2c(F)c(F)cc(F)c2F)nn1)C1CCCC1,active,636.6679999999999,5.399800000000005,1.0,9.0,6.102372908709558
505,CHEMBL3628942,CCCCC(C(=O)COc1c(F)c(F)cc(F)c1F)n1cc([C@@](C)(NCc2ccn3nccc3n2)C(C)C)nn1,active,561.5840000000001,4.917600000000004,1.0,9.0,7.1249387366083
506,CHEMBL3628943,CCCCC(C(=O)COc1c(F)c(F)cc(F)c1F)n1cc([C@@](C)(NCc2ccn3nccc3n2)C2CCCC2)nn1,active,587.6219999999998,5.451800000000004,1.0,9.0,8.522878745280337
507,CHEMBL3628944,CC(C)[C@](C)(NCc1ccn2nccc2n1)c1cn(C(CCS(C)(=O)=O)C(=O)COc2c(F)c(F)cc(F)c2F)nn1,active,611.6220000000003,3.1621000000000015,1.0,11.0,6.330683119433888
508,CHEMBL3628945,COCCC(C(=O)COc1c(F)c(F)cc(F)c1F)n1cc([C@@](C)(NCc2ccn3nccc3n2)C2CCCC2)nn1,intermediate,589.5939999999998,4.298100000000003,1.0,10.0,5.549750891680639
509,CHEMBL3628932,CCCCC(C(=O)COc1c(F)c(F)cc(F)c1F)n1cc([C@@](C)(NCc2ccncc2)C(C)C)nn1,intermediate,521.5590000000002,5.269900000000004,1.0,7.0,5.958607314841775
510,CHEMBL3628933,CCCCC(C(=O)COc1c(F)c(F)cc(F)c1F)n1cc([C@@](C)(NC(=O)c2ccncc2)C(C)C)nn1,inactive,535.5420000000001,4.9101000000000035,1.0,7.0,4.638272163982407
511,CHEMBL3628934,CCCCC(C(=O)COc1c(F)c(F)cc(F)c1F)n1cc([C@@](C)(NCc2ccc3ncsc3c2)C(C)C)nn1,active,577.648,6.484600000000006,1.0,8.0,7.431798275933005
512,CHEMBL3628935,CCCCC(C(=O)COc1c(F)c(F)cc(F)c1F)n1cc([C@@](C)(NC(=O)c2ccc3ncsc3c2)C(C)C)nn1,intermediate,591.6310000000001,6.124800000000006,1.0,8.0,5.444905551421681
513,CHEMBL3628940,COCCC(C(=O)COc1c(F)c(F)cc(F)c1F)n1cc([C@@](C)(NCc2ccc3ncsc3c2)C2CCCC2)nn1,active,605.6579999999998,5.865100000000006,1.0,9.0,6.906578314837765
514,CHEMBL3628939,C[C@@](NCc1ccc2ncsc2c1)(c1cn(C(CCS(C)(=O)=O)C(=O)COc2c(F)c(F)cc(F)c2F)nn1)C1CCCC1,active,653.724,5.263300000000005,1.0,10.0,7.6020599913279625
515,CHEMBL3628938,CCCCC(C(=O)COc1c(F)c(F)cc(F)c1F)n1cc([C@@](C)(NCc2ccc3ncsc3c2)C2CCCC2)nn1,active,603.6859999999998,7.018800000000006,1.0,8.0,8.301029995663981
516,CHEMBL3628937,COCCC(C(=O)COc1c(F)c(F)cc(F)c1F)n1cc([C@@](C)(NCc2ccc3ncsc3c2)C(C)C)nn1,active,579.62,5.330900000000005,1.0,9.0,7.200659450546418
517,CHEMBL3628936,CC(C)[C@](C)(NCc1ccc2ncsc2c1)c1cn(C(CCS(C)(=O)=O)C(=O)COc2c(F)c(F)cc(F)c2F)nn1,active,627.6860000000003,4.729100000000003,1.0,10.0,6.903089986991944
518,CHEMBL3827174,C=CCn1c(C)c(C(=O)OCC)s/c1=N\c1sc2c(c1C(=O)OCC)CCCC2,inactive,434.58300000000037,4.570120000000004,0.0,8.0,4.070581074285707
519,CHEMBL3827864,CCOC(=O)c1c(/N=C2\SC(CC(=O)O)C(=O)N2c2ccccc2)sc2c1CCCC2,inactive,458.56100000000026,4.414400000000003,1.0,7.0,3.9172146296835497
520,CHEMBL3828195,C=CCN1C(=O)C(CC(=O)O)S/C1=N\c1sc2c(c1C(=O)OCC)CCCC2,inactive,422.52800000000036,3.395800000000002,1.0,7.0,4.301029995663981
521,CHEMBL3827125,C=CCN1C(=O)C(CC(=O)O)S/C1=N\c1sc2c(c1C(=O)OC(C)C)CCCC2,inactive,436.55500000000035,3.7843000000000027,1.0,7.0,3.9546770212133424
522,CHEMBL3828526,C=CCn1c(-c2ccccc2)cs/c1=N\c1sc2c(c1C(=O)OCC)CCCC2,intermediate,424.59100000000035,5.752000000000004,0.0,6.0,5.619788758288394
523,CHEMBL374508,CC(C)C[C@H](NC(=O)[C@H]1O[C@@H]1C(=O)O)C(=O)NCCCCN=C(N)N,active,357.4110000000002,-1.460899999999997,5.0,5.0,6.3979400086720375
524,CHEMBL1241726,Clc1ccc2c(NCCCN3CCOCC3)ccnc2c1,inactive,305.80899999999997,3.022400000000001,1.0,4.0,4.823908740944319
525,CHEMBL148139,Clc1ccc2c(NCCN3CCOCC3)ccnc2c1,inactive,291.782,2.6323000000000008,1.0,4.0,4.3872161432802645
526,CHEMBL31000,OCCNc1ccnc2cc(Cl)ccc12,inactive,222.675,2.2923999999999998,2.0,3.0,4.207608310501746
527,CHEMBL460418,OCCCNc1ccnc2cc(Cl)ccc12,inactive,236.702,2.6825,2.0,3.0,4.552841968657781
528,CHEMBL528696,Clc1ccc2c(NCc3ccccc3)ccnc2c1,inactive,268.747,4.500300000000003,1.0,2.0,4.356547323513812
529,CHEMBL597857,Clc1ccc2[nH]c3c(NCCCN4CCOCC4)ncnc3c2c1,inactive,345.834,2.8987000000000007,2.0,5.0,4.823908740944319
530,CHEMBL4172128,NC1=NS(=O)(=O)Nc2nc(C3CCCCC3)[nH]c21,inactive,269.3299999999999,0.8329999999999995,3.0,4.0,4.920818753952375
531,CHEMBL4168973,NC1=NS(=O)(=O)Nc2nc(Cc3ccccc3)[nH]c21,inactive,277.309,0.3760999999999995,3.0,4.0,4.638272163982407
532,CHEMBL4176677,NC1=NS(=O)(=O)N(Cc2ccc(Cl)cc2)c2nc(-c3ccccc3F)[nH]c21,inactive,405.8420000000001,2.839500000000002,2.0,4.0,4.0655015487564325
533,CHEMBL4161560,NC1=NS(=O)(=O)N(Cc2ccccc2)c2nc(-c3ccccc3)n(Cc3ccccc3)c21,inactive,443.53200000000015,3.5687000000000024,1.0,5.0,4.0915149811213505
534,CHEMBL3786939,C/C(=N\Nc1nc(C)cs1)c1ccc(Cl)c(Cl)c1,active,300.214,4.594420000000002,1.0,4.0,6.221848749616356
535,CHEMBL4165151,C/C(=N\Nc1nc(C)c(C)s1)c1ccc(Cl)c(Cl)c1,intermediate,314.241,4.902840000000002,1.0,4.0,5.045757490560675
536,CHEMBL4244085,CCOC(=O)/C=C/C=C/C(=O)[C@H](CCc1ccccc1)NC(=O)[C@H](Cc1ccccc1)NC(=O)N1CCOCC1,intermediate,547.652,3.0017000000000014,2.0,6.0,5.698970004336019
537,CHEMBL4249696,CCOC(=O)/C=C/C(=O)[C@H](CCc1ccccc1)NC(=O)[C@H](CC(C)C)NC(=O)N1CCOCC1,active,487.5970000000003,2.2489,2.0,6.0,6.468521082957745
538,CHEMBL4237990,CCOC(=O)/C=C/C(=O)[C@H](CC(C)C)NC(=O)[C@H](CC(C)C)NC(=O)N1CCOCC1,active,439.5530000000003,1.6622000000000006,2.0,6.0,6.698970004336019
539,CHEMBL4242138,CCOC(=O)/C=C/C(=O)[C@H](CCc1ccccc1)NC(=O)[C@H](Cc1ccccc1)NC(=O)N1CCOCC1,active,521.6140000000003,2.445500000000001,2.0,6.0,6.522878745280337
540,CHEMBL4247707,CCOC(=O)/C=C/C(=O)[C@@H](CCc1ccccc1)NC(=O)[C@H](Cc1ccccc1)NC(=O)N1CCOCC1,active,521.6140000000003,2.445500000000001,2.0,6.0,6.481486060122113
541,CHEMBL4238441,CCOC(=O)/C=C/C(=O)[C@@H](CC(C)C)NC(=O)[C@H](Cc1ccccc1)NC(=O)OCc1ccccc1,active,494.5880000000002,3.743400000000002,2.0,6.0,7.698970004336019
542,CHEMBL4244656,CCOC(=O)/C=C/C(=O)[C@H](CC(C)C)NC(=O)[C@H](Cc1ccccc1)NC(=O)OCc1ccccc1,active,494.5880000000002,3.743400000000002,2.0,6.0,7.698970004336019
543,CHEMBL4248915,CCOC(=O)/C=C/C(=O)[C@H](C)NC(=O)[C@H](CC(C)C)NC(=O)OCc1ccccc1,active,418.4900000000001,2.5206,2.0,6.0,6.200659450546418
544,CHEMBL4240920,CCOC(=O)/C=C/C(=O)[C@H](C)NC(=O)[C@H](Cc1ccccc1)NC(=O)OCc1ccccc1,active,452.5070000000001,2.7172,2.0,6.0,6.522878745280337
545,CHEMBL4245127,CCOC(=O)/C=C/C(=O)[C@H](CCc1ccccc1)NC(=O)[C@H](CC(C)C)NC(=O)OCc1ccccc1,active,508.61500000000024,4.133500000000002,2.0,6.0,7.096910013008056
546,CHEMBL4250264,CCOC(=O)/C=C/[C@@H](O)[C@H](CCc1ccccc1)NC(=O)[C@H](Cc1ccccc1)NC(=O)N1CCOCC1,intermediate,523.6300000000002,2.2373000000000003,3.0,6.0,5.425968732272281
547,CHEMBL4557939,CC(C)(F)C[C@H](N[C@@H](c1ccc(-c2ccc(N3CCNCC3)cc2)cc1)C(F)(F)F)C(=O)NCC#N,active,505.56000000000023,4.102780000000003,3.0,5.0,9.096910013008056
548,CHEMBL541700,CC[C@H](C)[C@@H](C(=O)O[C@@H](CC(C)C)C(=O)N[C@@H](CC(C)C)C(=O)N[C@@H](C)/C=C/C(=O)N1C(=O)C=C(OC)[C@@H]1C)N(C)C,active,592.7780000000001,2.8000000000000043,2.0,8.0,9.585026652029182
549,CHEMBL4457500,COC1=CC(=O)N(C(=O)/C=C/[C@H](C)NC(=O)[C@H](CC(C)C)NC(=O)[C@H](CC(C)C)OC(=O)[C@H](C(C)C)N(C)C)[C@H]1C,active,578.7510000000002,2.409900000000003,2.0,8.0,8.539102157243452
550,CHEMBL4564747,CC[C@H](C)[C@@H](C(=O)O[C@@H](CC(C)C)C(=O)N[C@@H](CC(C)C)C(=O)N[C@@H](C)/C=C/C(=O)N1C(=O)C=C(OC)[C@@H]1Cc1ccccc1)N(C)C,active,668.8760000000001,4.0228000000000055,2.0,8.0,9.119186407719209
551,CHEMBL4445744,COC1=CC(=O)N(C(=O)/C=C/[C@H](C)NC(=O)[C@H](CC(C)C)NC(=O)[C@H](CC(C)C)OC(=O)[C@H](Cc2ccccc2)N(C)C)[C@H]1Cc1ccccc1,active,702.8930000000003,4.219400000000006,2.0,8.0,9.136677139879543
552,CHEMBL4482954,CC[C@H](C)[C@@H](C(=O)O[C@@H](CC(C)C)C(=O)N[C@@H](CC(C)C)C(=O)N[C@@H](C)/C=C/C(=O)N1C(=O)C=C(OC)[C@@H]1CC(C)C)N(C)C,active,634.859,3.8262000000000054,2.0,8.0,9.309803919971486
553,CHEMBL4527329,CC[C@H](C)[C@@H](C(=O)O[C@@H](CC(C)C)C(=O)N[C@@H](CC(C)C)C(=O)N[C@H](/C=C/C(=O)N1C(=O)C=C(OC)[C@@H]1C)Cc1ccccc1)N(C)C,active,668.8760000000001,4.0228000000000055,2.0,8.0,9.075720713938118
554,CHEMBL4475810,COC1=CC(=O)N(C(=O)/C=C/[C@H](Cc2ccccc2)NC(=O)[C@H](CC(C)C)NC(=O)[C@H](CC(C)C)OC(=O)[C@H](Cc2ccccc2)N(C)C)[C@H]1C,active,702.8930000000001,4.219400000000004,2.0,8.0,8.920818753952375
555,CHEMBL4527867,CC[C@H](C)[C@@H](C(=O)O[C@@H](CC(C)C)C(=O)N[C@@H](CC(C)C)C(=O)N[C@H](/C=C/C(=O)N1C(=O)C=C(OC)[C@@H]1Cc1ccccc1)Cc1ccccc1)N(C)C,active,744.974,5.245600000000007,2.0,8.0,8.939302159646388
556,CHEMBL4471760,COC1=CC(=O)N(C(=O)/C=C/[C@H](Cc2ccccc2)NC(=O)[C@H](CC(C)C)NC(=O)[C@H](CC(C)C)OC(=O)[C@H](Cc2ccccc2)N(C)C)[C@H]1Cc1ccccc1,active,778.9910000000001,5.442200000000006,2.0,8.0,8.869666231504993
557,CHEMBL4441303,CC[C@H](C)[C@@H](C(=O)O[C@@H](CC(C)C)C(=O)N[C@@H](CC(C)C)C(=O)N[C@H](/C=C/C(=O)N1C(=O)C=C(OC)[C@@H]1CC(C)C)Cc1ccccc1)N(C)C,active,710.957,5.049000000000007,2.0,8.0,8.96657624451305
558,CHEMBL4447348,COC1=CC(=O)N(C(=O)/C=C/[C@H](Cc2ccccc2)NC(=O)[C@H](CC(C)C)NC(=O)[C@H](CC(C)C)OC(=O)[C@H](C(C)C)N(C)C)[C@H]1CC(C)C,active,696.9300000000001,4.6589000000000045,2.0,8.0,9.602059991327963
559,CHEMBL4474668,CC[C@H](C)[C@@H](C(=O)O[C@@H](CC(C)C)C(=O)N[C@@H](CC(C)C)C(=O)N[C@H](/C=C/C(=O)N1C(=O)C=C(OC)[C@H]1Cc1ccccc1)Cc1ccccc1)N(C)C,active,744.974,5.245600000000007,2.0,8.0,8.97061622231479
560,CHEMBL4582558,COC1=CC(=O)N(C(=O)/C=C/[C@H](Cc2ccccc2)NC(=O)[C@H](CC(C)C)NC(=O)[C@H](CC(C)C)OC(=O)[C@H](Cc2ccccc2)N(C)C)[C@@H]1Cc1ccccc1,active,778.9910000000001,5.442200000000006,2.0,8.0,8.43297363384094
561,CHEMBL4468530,CC[C@H](C)[C@@H](C(=O)O[C@@H](CC(C)C)C(=O)N[C@@H](CC(C)C)C(=O)N[C@@H](/C=C/C(=O)N1C(=O)C=C(OC)[C@@H]1Cc1ccccc1)Cc1ccccc1)N(C)C,active,744.974,5.245600000000007,2.0,8.0,7.0915149811213505
562,CHEMBL4514842,CC[C@H](C)[C@@H](C(=O)O[C@@H](CC(C)C)C(=O)N[C@@H](CC(C)C)C(=O)N[C@@H](/C=C/C(=O)N1C(=O)C=C(OC)[C@H]1Cc1ccccc1)Cc1ccccc1)N(C)C,active,744.974,5.245600000000007,2.0,8.0,7.4301581005962385
563,CHEMBL4527930,C#CCCCCOC1=CC(=O)N(C(=O)/C=C/[C@H](C)NC(=O)[C@H](CC(C)C)NC(=O)[C@H](CC(C)C)OC(=O)[C@H]([C@@H](C)CC)N(C)C)[C@@H]1C,active,658.8810000000001,3.9737000000000045,2.0,8.0,9.327902142064282
564,CHEMBL63226,O=C1c2c(O)cc(O)cc2OC(c2ccc(O)cc2)C1c1c(O)cc(O)c2c(=O)cc(-c3ccc(O)c(O)c3)oc12,intermediate,556.4790000000003,4.499400000000006,7.0,11.0,5.017728766960431
565,CHEMBL4534212,CC(=O)Oc1ccc(C2Oc3cc(OC(C)=O)cc(O)c3C(=O)C2c2c(OC(C)=O)cc(O)c3c(=O)cc(-c4ccc(OC(C)=O)c(OC(C)=O)c4)oc23)cc1,inactive,766.6640000000002,5.597900000000006,2.0,16.0,3.2700257143004445
566,CHEMBL4441556,COc1ccc(C2Oc3cc(OC)cc(O)c3C(=O)C2c2c(OC)cc(O)c3c(=O)cc(-c4ccc(OC)c(OC)c4)oc23)cc1,inactive,626.6140000000003,6.014400000000007,2.0,11.0,3.6289321377282637
567,CHEMBL4470415,CCCC(=O)Oc1ccc(C2Oc3cc(OC(=O)CCC)cc(O)c3C(=O)C2c2c(OC(=O)CCC)cc(O)c3c(=O)cc(-c4ccc(OC(=O)CCC)c(OC(=O)CCC)c4)oc23)cc1,intermediate,906.934,9.4989,2.0,16.0,5.0915149811213505
568,CHEMBL1922311,Nc1c(C2=NCCN2)cnn1-c1cc(Cl)cc(Cl)c1,inactive,296.161,2.1110999999999995,2.0,5.0,4.619788758288394
569,CHEMBL1922310,Nc1c(C2=NCCN2)cnn1-c1ccc(Cl)c(Cl)c1,inactive,296.161,2.1110999999999995,2.0,5.0,3.744727494896694
570,CHEMBL1458713,CC(C)C[C@H](NC(=O)[C@@H]1O[C@H]1C(=O)O)C(=O)NCCCCN=C(N)N,intermediate,357.4110000000002,-1.460899999999997,5.0,5.0,5.522878745280337
571,CHEMBL3785388,Cc1ccc(C)c(SC/C=N/NC(N)=S)c1,intermediate,253.39600000000002,2.2145400000000004,2.0,3.0,5.481486060122113
572,CHEMBL3787052,NC(=S)N/N=C/CSc1cccc(Cl)c1,inactive,259.787,2.251100000000001,2.0,3.0,4.721246399047171
573,CHEMBL531738,Cn1c(=O)n(C)c2cc(CNCCNc3ccnc4cc(Cl)ccc34)ccc21,inactive,395.8940000000001,3.2803000000000013,2.0,6.0,3.838631997765025
574,CHEMBL582420,CCOc1cccc(C(=O)Nc2ccc(-c3nc4ccccc4[nH]3)cc2)c1,intermediate,357.413,4.880900000000003,2.0,3.0,5.585026652029182
575,CHEMBL597248,c1ccc(CNc2nc(Nc3ccccc3)nc3ccccc23)cc1,intermediate,326.4030000000001,4.985500000000003,2.0,4.0,5.045757490560675
576,CHEMBL4793916,Cl.Cl.Clc1cc(Br)ccc1-c1ccc(CNCC2CCNCC2)o1,inactive,383.7170000000002,4.451700000000004,2.0,3.0,4.585026652029182
577,CHEMBL533921,COCCNC(=O)c1ccc(OC2CCN(Cc3ccc(F)c(F)c3)CC2)c(Cl)c1,intermediate,438.90200000000004,4.037800000000003,1.0,4.0,5.301029995663981
578,CHEMBL3785430,CC/C(=N\Nc1nc(-c2ccccc2)cs1)c1cccc(Br)c1,inactive,386.31800000000004,5.7988000000000035,1.0,4.0,4.350665141287858
579,CHEMBL3785603,CC/C(=N\Nc1nc(-c2ccc(C)cc2)cs1)c1cccc(Br)c1,inactive,400.3450000000001,6.107220000000004,1.0,4.0,4.71669877129645
580,CHEMBL4744489,CC/C(=N\Nc1nc(-c2ccc(F)cc2)cs1)c1cccc(Br)c1,inactive,404.30800000000005,5.9379000000000035,1.0,4.0,4.782516055786093
581,CHEMBL4743580,CC/C(=N\Nc1nc(-c2ccc(Cl)cc2)cs1)c1cccc(Br)c1,inactive,420.7630000000001,6.452200000000003,1.0,4.0,4.485452247339714
582,CHEMBL3787688,CC/C(=N\Nc1nc(-c2cccc([N+](=O)[O-])c2)cs1)c1cccc(Br)c1,inactive,431.31500000000005,5.707000000000003,1.0,6.0,4.835647144215563
583,CHEMBL4747507,CC/C(=N\Nc1nc(-c2ccc(Cl)c(Cl)c2)cs1)c1cccc(Br)c1,inactive,455.2080000000001,7.1056000000000035,1.0,4.0,4.94692155651658
584,CHEMBL4746565,CC/C(=N\Nc1nc(-c2ccc(Cl)cc2Cl)cs1)c1cccc(Br)c1,inactive,455.2080000000001,7.1056000000000035,1.0,4.0,4.82102305270683
585,CHEMBL4782594,CC/C(=N\Nc1nc(-c2ccc3ccccc3c2)cs1)c1cccc(Br)c1,intermediate,436.3780000000001,6.9520000000000035,1.0,4.0,5.022276394711152
586,CHEMBL4744510,CC/C(=N\Nc1nc(-c2ccccc2)c(C)s1)c1cccc(Br)c1,active,400.3450000000001,6.107220000000004,1.0,4.0,6.292429823902063
587,CHEMBL3787543,CC/C(=N\Nc1nc(-c2ccc(Br)cc2)c(C)s1)c1cccc(Br)c1,intermediate,479.2410000000001,6.869720000000004,1.0,4.0,5.42021640338319
588,CHEMBL4859457,CC(C)=CCC1=C(O)c2ccccc2/C(=N/NC(N)=S)C1=O,inactive,315.3980000000001,2.4319999999999995,3.0,4.0,4.468521082957745
589,CHEMBL4845877,CC(C)=CCC1=C(O)c2ccccc2/C(=N/NC(=O)c2ccncc2)C1=O,inactive,361.4010000000001,3.423800000000001,2.0,5.0,4.481486060122112
590,CHEMBL4877896,O=C1C=C(Nc2ccc(S(=O)(=O)Nc3ccccn3)cc2)C(=O)c2ccccc21,intermediate,405.4350000000001,3.2574000000000023,2.0,6.0,5.200659450546418
591,CHEMBL4878553,OCCCNc1nc(NCc2ccccc2)c2ccccc2n1,inactive,308.38500000000005,3.036200000000001,3.0,5.0,4.657577319177793
592,CHEMBL530354,Oc1ccc(Nc2nc(NCc3ccccc3)c3ccccc3n2)cc1,inactive,342.40200000000004,4.691100000000003,3.0,5.0,4.7447274948966935
593,CHEMBL536813,Oc1cccc(Nc2nc(NCc3ccccc3)c3ccccc3n2)c1,inactive,342.40200000000004,4.691100000000003,3.0,5.0,4.7447274948966935
594,CHEMBL4863654,c1ccc(CNc2nc(Nc3nccs3)nc3ccccc23)cc1,inactive,333.4200000000001,4.442000000000002,2.0,6.0,4.795880017344075
595,CHEMBL4849695,Clc1ccc(Nc2nc(NCc3ccccc3)c3ccccc3n2)cc1,intermediate,360.84800000000007,5.638900000000003,2.0,4.0,5.619788758288394
596,CHEMBL4851626,O=C(c1ccc(Nc2nc(NCc3ccccc3)c3ccccc3n2)cc1)N1CCOCC1,intermediate,439.5190000000003,4.457900000000003,2.0,6.0,5.154901959985743
597,CHEMBL4854591,OCCCNc1nc(Nc2cccc(F)c2)c2ccccc2n1,inactive,312.348,3.306800000000001,3.0,5.0,4.6020599913279625
598,CHEMBL4849162,O=C(c1ccc(Nc2nc(NCCCO)c3ccccc3n2)cc1)N1CCOCC1,inactive,407.4740000000002,2.6401000000000012,3.0,7.0,4.823908740944319
599,CHEMBL4865594,OCCCNc1nc(Nc2ccc(Cl)cc2)nc2ccccc12,intermediate,328.80300000000005,3.8211000000000013,3.0,5.0,5.136677139879544
600,CHEMBL4848906,O=C(c1ccc(Nc2nc(NCCN3CCOCC3)c3ccccc3n2)cc1)N1CCOCC1,inactive,462.55400000000026,2.5899,2.0,8.0,4.8696662315049934
601,CHEMBL4855177,Clc1ccc(Nc2nc(NCCN3CCOCC3)c3ccccc3n2)cc1,intermediate,383.88300000000004,3.770900000000003,2.0,6.0,5.6020599913279625
602,CHEMBL598279,COc1ccc(Nc2nc(NCc3ccccc3)c3ccccc3n2)cc1,inactive,356.4290000000001,4.994100000000003,2.0,5.0,4.2839966563652006
603,CHEMBL17483,c1ccc(Nc2nc(Nc3ccccc3)c3ccccc3n2)cc1,inactive,312.3760000000001,5.117000000000003,2.0,4.0,4.853871964321762
